unix_ms,lsl_unix_ts,X,Y,Z
1767593587080,1767593587.0709424,-1.0990896224975586,18.886396408081055,-8.747856140136719
1767593587081,1767593587.0709617,-1.166380763053894,13.884417533874512,-8.755332946777344
1767593587081,1767593587.0709808,-1.158903956413269,7.843163013458252,-7.813255786895752
1767593587081,1767593587.0759423,-1.218718409538269,2.078550338745117,-6.01134729385376
1767593587081,1767593587.0759616,-1.5925583839416504,-2.743985652923584,-3.7234463691711426
1767593587081,1767593587.0759807,-2.631833553314209,-5.607600212097168,-1.495360016822815
1767593587276,1767593587.1759424,-3.7533535957336426,-6.863702297210693,0.44113120436668396
1767593587276,1767593587.1759617,-4.381404876708984,-7.207635402679443,1.8991072177886963
1767593587276,1767593587.1759808,-3.8505520820617676,-6.744073390960693,2.968289613723755
1767593587276,1767593587.1809423,-2.392575979232788,-5.256190299987793,3.8206448554992676
1767593587276,1767593587.1809616,-0.590667188167572,-3.259884834289551,4.471126556396484
1767593587276,1767593587.1809807,0.7626336216926575,-1.420591950416565,4.650569438934326
1767593587276,1767593587.2369423,1.7944320440292358,0.014953600242733955,4.179531097412109
1767593587276,1767593587.2369616,2.616879940032959,0.9794607758522034,3.3720366954803467
1767593587276,1767593587.2369807,3.4019439220428467,1.1364736557006836,2.377622365951538
1767593587406,1767593587.3399422,4.157100677490234,0.8897392153739929,1.45797598361969
1767593587406,1767593587.3399615,4.912257671356201,0.575713574886322,0.7402032017707825
1767593587406,1767593587.3399806,5.71227502822876,0.7177727818489075,0.35888639092445374
1767593587406,1767593587.3539424,6.14592981338501,1.151427149772644,0.2392576038837433
1767593587407,1767593587.3539617,6.183313369750977,1.6897567510604858,0.2467343956232071
1767593587407,1767593587.3539808,6.377710342407227,2.459867238998413,0.5532832145690918
1767593587407,1767593587.4039423,6.841271877288818,3.327176094055176,0.8149712085723877
1767593587408,1767593587.4039617,7.31978702545166,4.762721538543701,0.6729120016098022
1767593587408,1767593587.4039807,7.37960147857666,5.95153284072876,0.10467520356178284
1767593587482,1767593587.4799423,6.430047988891602,6.572107315063477,-1.495360016822815
1767593587482,1767593587.4799616,4.620662212371826,6.243127822875977,-3.6262478828430176
1767593587482,1767593587.4799807,2.953336000442505,4.179531097412109,-5.286097526550293
1767593587562,1767593587.5359423,2.108457565307617,-0.620574414730072,-5.248713493347168
1767593587562,1767593587.5359616,1.8019088506698608,-7.45436954498291,-4.142147064208984
1767593587562,1767593587.5359807,1.1289968490600586,-12.972248077392578,-3.072964906692505
1767593587602,1767593587.5969422,0.10467520356178284,-15.835862159729004,-2.063596725463867
1767593587602,1767593587.5969615,-1.3757312297821045,-15.962967872619629,-1.3458240032196045
1767593587602,1767593587.5969806,-3.072964906692505,-13.809649467468262,-0.9196463823318481
1767593587676,1767593587.6539423,-4.942164897918701,-10.093680381774902,-0.6878656148910522
1767593587677,1767593587.6539617,-6.512292861938477,-5.89171838760376,-0.43365439772605896
1767593587677,1767593587.6539807,-7.57399845123291,-1.5626511573791504,0.41870081424713135
1767593587705,1767593587.6989422,-7.312310218811035,3.9103662967681885,2.0037825107574463
1767593587705,1767593587.6989615,-5.80199670791626,10.101157188415527,4.358974456787109
1767593587705,1767593587.6989806,-3.4318511486053467,15.723710060119629,7.088006496429443
1767593587870,1767593587.8639424,-0.7102959752082825,19.34248161315918,9.891806602478027
1767593587870,1767593587.8639617,1.7420943975448608,20.867748260498047,11.88811206817627
1767593587870,1767593587.8639808,3.013150453567505,21.114482879638672,12.164753913879395
1767593587884,1767593587.8689423,2.601926326751709,19.693891525268555,10.310506820678711
1767593587884,1767593587.8689616,0.44860801100730896,15.140520095825195,5.540308952331543
1767593587884,1767593587.8689806,-2.347715139389038,8.149711608886719,-1.3607776165008545
1767593587898,1767593587.8969424,-4.553371429443359,-1.0841360092163086,-7.66372013092041
1767593587898,1767593587.8969617,-4.859920024871826,-10.422658920288086,-11.222677230834961
1767593587898,1767593587.8969808,-4.590754985809326,-16.688217163085938,-11.955403327941895
1767593587929,1767593587.9239423,-5.66741418838501,-19.79109001159668,-11.955403327941895
1767593587929,1767593587.9239616,-7.49923038482666,-20.478954315185547,-12.598407745361328
1767593587934,1767593587.9239807,-9.233847618103027,-19.245283126831055,-14.467608451843262
1767593588039,1767593588.0289423,-11.40959644317627,-16.882614135742188,-16.822799682617188
1767593588039,1767593588.0289617,-13.144214630126953,-13.323657989501953,-18.736860275268555
1767593588039,1767593588.0289807,-14.063860893249512,-8.979637145996094,-19.439680099487305
1767593588079,1767593588.0739422,-15.07322883605957,-4.104763031005859,-19.619123458862305
1767593588079,1767593588.0739615,-15.53679084777832,1.3906848430633545,-19.439680099487305
1767593588079,1767593588.0739806,-13.405902862548828,7.49923038482666,-17.278884887695312
1767593588115,1767593588.0929422,-8.785240173339844,13.891894340515137,-12.897480010986328
1767593588115,1767593588.0929615,-2.893521547317505,20.00044059753418,-6.542200088500977
1767593588115,1767593588.0929806,4.590754985809326,24.822975158691406,0.6504815816879272
1767593588150,1767593588.1489422,13.779742240905762,27.20807456970215,8.329154968261719
1767593588150,1767593588.1489615,24.292123794555664,26.393104553222656,17.600387573242188
1767593588150,1767593588.1489806,33.690460205078125,23.70145606994629,28.0604305267334
1767593588211,1767593588.2089424,39.126094818115234,19.768659591674805,37.840084075927734
1767593588211,1767593588.2089617,37.286800384521484,12.994678497314453,41.451377868652344
1767593588211,1767593588.2089808,31.05862808227539,3.170163154602051,39.47750473022461
1767593588272,1767593588.2709422,24.26969337463379,-7.312310218811035,35.25311279296875
1767593588272,1767593588.2709615,18.273298263549805,-15.11808967590332,31.215639114379883
1767593588272,1767593588.2709806,12.747943878173828,-18.29572868347168,28.396886825561523
1767593588341,1767593588.3329422,6.407617568969727,-17.764877319335938,25.301490783691406
1767593588341,1767593588.3329616,0.014953600242733955,-14.721818923950195,21.219158172607422
1767593588341,1767593588.3329806,-4.919734477996826,-10.400228500366211,16.269515991210938
1767593588410,1767593588.4049423,-8.949729919433594,-4.987025737762451,11.162862777709961
1767593588410,1767593588.4049616,-11.775959968566895,1.1364736557006836,6.04125452041626
1767593588410,1767593588.4049807,-13.555438041687012,6.833795070648193,1.6299424171447754
1767593588440,1767593588.4339423,-14.736772537231445,11.58903980255127,-2.736508846282959
1767593588440,1767593588.4339616,-16.00035285949707,15.611557960510254,-8.441307067871094
1767593588440,1767593588.4339807,-17.921890258789062,19.20789909362793,-16.972335815429688
1767593588527,1767593588.5239422,-19.589216232299805,21.869640350341797,-26.9239559173584
1767593588527,1767593588.5239615,-19.663984298706055,22.153759002685547,-36.29986572265625
1767593588528,1767593588.5239806,-18.206008911132812,20.187360763549805,-44.07573699951172
1767593588568,1767593588.5559423,-15.499406814575195,15.970444679260254,-51.17121887207031
1767593588568,1767593588.5559616,-10.818929672241211,8.874961853027344,-57.0778923034668
1767593588568,1767593588.5559807,-4.127193450927734,-1.6897567510604858,-60.225624084472656
1767593588654,1767593588.6469424,3.4468047618865967,-13.002155303955078,-58.64801788330078
1767593588654,1767593588.6469617,10.504903793334961,-22.228527069091797,-51.14131164550781
1767593588654,1767593588.6469808,16.172317504882812,-26.737037658691406,-39.275630950927734
1767593588675,1767593588.6739423,19.70136833190918,-27.768835067749023,-25.30896759033203
1767593588675,1767593588.6739616,21.533184051513672,-27.170690536499023,-10.168448448181152
1767593588675,1767593588.6739807,22.221050262451172,-25.18933868408203,5.383296012878418
1767593588745,1767593588.7339423,22.692087173461914,-21.488323211669922,21.181774139404297
1767593588745,1767593588.7339616,23.35752296447754,-16.643356323242188,36.957820892333984
1767593588745,1767593588.7339807,23.798654556274414,-10.676870346069336,51.32823181152344
1767593588812,1767593588.8099422,23.245370864868164,-3.4243743419647217,63.84439468383789
1767593588812,1767593588.8099616,21.361217498779297,5.480494499206543,75.88204193115234
1767593588812,1767593588.8099806,17.091964721679688,15.514360427856445,87.84492492675781
1767593588840,1767593588.8389423,9.936667442321777,25.944496154785156,96.27127838134766
1767593588840,1767593588.8389616,1.495360016822815,35.25311279296875,100.30126953125
1767593588840,1767593588.8389807,-6.893609523773193,42.258872985839844,99.72555541992188
1767593588924,1767593588.9179423,-13.682543754577637,46.1841926574707,94.48432159423828
1767593588924,1767593588.9179616,-17.877029418945312,45.92998123168945,85.75141906738281
1767593588929,1767593588.9179807,-19.379865646362305,36.72603988647461,74.19976043701172
1767593588960,1767593588.9589424,-19.379865646362305,17.854598999023438,58.16950225830078
1767593588960,1767593588.9589617,-17.607864379882812,-3.192593574523926,39.76162338256836
1767593588960,1767593588.9589808,-13.518054008483887,-19.245283126831055,23.73136329650879
1767593589053,1767593589.0509424,-11.118001937866211,-27.8809871673584,8.755332946777344
1767593589053,1767593589.0509617,-10.744161605834961,-30.25113296508789,-5.547785758972168
1767593589053,1767593589.0509808,-13.181598663330078,-29.645511627197266,-20.710735321044922
1767593589085,1767593589.0809424,-18.101333618164062,-28.2099666595459,-36.688655853271484
1767593589085,1767593589.0809617,-23.424814224243164,-24.78559112548828,-51.05906677246094
1767593589085,1767593589.0809808,-26.08655548095703,-18.183578491210938,-61.018165588378906
1767593589185,1767593589.1839423,-25.780006408691406,-9.256278038024902,-67.20147705078125
1767593589185,1767593589.1839616,-22.89396095275879,0.037383999675512314,-71.27633666992188
1767593589185,1767593589.1839807,-16.568588256835938,8.688041687011719,-73.36983489990234
1767593589199,1767593589.1909423,-6.871179103851318,15.648941993713379,-72.52496337890625
1767593589199,1767593589.1909616,5.039363384246826,19.858381271362305,-68.81646728515625
1767593589199,1767593589.1909807,17.017196655273438,20.635967254638672,-64.494873046875
1767593589247,1767593589.2439423,28.67352867126465,18.101333618164062,-59.702247619628906
1767593589247,1767593589.2439616,39.634517669677734,12.830188751220703,-53.92267990112305
1767593589247,1767593589.2439806,49.43659973144531,2.938382387161255,-44.83837127685547
1767593589357,1767593589.3489423,55.18626022338867,-9.248801231384277,-34.871795654296875
1767593589357,1767593589.3489616,55.6722526550293,-21.144390106201172,-25.361305236816406
1767593589357,1767593589.3489807,52.03105163574219,-30.92404556274414,-16.03026008605957
1767593589381,1767593589.3789423,46.64775466918945,-38.38589096069336,-6.198266983032227
1767593589381,1767593589.3789616,38.976558685302734,-40.81584930419922,2.542112112045288
1767593589381,1767593589.3789806,30.318424224853516,-38.56533432006836,11.506794929504395
1767593589443,1767593589.4389422,21.899547576904297,-33.2044677734375,22.56498146057129
1767593589443,1767593589.4389615,12.919910430908203,-26.303382873535156,34.617584228515625
1767593589443,1767593589.4389806,1.9663983583450317,-17.652725219726562,42.99907684326172
1767593589475,1767593589.4689424,-11.342305183410645,-6.415094375610352,48.59920120239258
1767593589475,1767593589.4689617,-25.959449768066406,5.764612674713135,53.95258712768555
1767593589475,1767593589.4689808,-40.696224212646484,15.761094093322754,59.51532745361328
1767593589550,1767593589.5439422,-54.97690963745117,24.26969337463379,64.62945556640625
1767593589550,1767593589.5439615,-68.88375854492188,32.643707275390625,67.13418579101562
1767593589550,1767593589.5439806,-80.19615936279297,39.963497161865234,68.49496459960938
1767593589592,1767593589.5909424,-87.75520324707031,44.47948455810547,67.62017822265625
1767593589592,1767593589.5909617,-90.20758819580078,46.8421516418457,64.02384185791016
1767593589592,1767593589.5909808,-87.08229064941406,47.29823684692383,57.71342086791992
1767593589643,1767593589.6379423,-79.26155853271484,42.288780212402344,47.42534255981445
1767593589643,1767593589.6379616,-66.25192260742188,24.52390480041504,32.494171142578125
1767593589644,1767593589.6379807,-48.50200271606445,-2.833707094192505,14.72929573059082
1767593589696,1767593589.6939423,-27.0136775970459,-25.570655822753906,-2.669217586517334
1767593589696,1767593589.6939616,-8.142234802246094,-36.322296142578125,-18.44526481628418
1767593589696,1767593589.6939807,6.265558242797852,-38.23635482788086,-33.271759033203125
1767593589756,1767593589.7539423,16.964859008789062,-36.412017822265625,-46.89448928833008
1767593589756,1767593589.7539616,24.957557678222656,-32.74090576171875,-57.95267868041992
1767593589756,1767593589.7539806,31.223115921020508,-26.677223205566406,-66.05752563476562
1767593589902,1767593589.8909423,36.57650375366211,-18.916303634643555,-71.80718994140625
1767593589902,1767593589.8909616,40.44948959350586,-10.295553207397461,-76.7643051147461
1767593589902,1767593589.8909807,43.365440368652344,-1.47292959690094,-78.98491668701172
1767593589950,1767593589.9489422,44.890708923339844,7.327263832092285,-78.61107635498047
1767593589950,1767593589.9489615,45.2570686340332,15.25267219543457,-75.30632781982422
1767593589950,1767593589.9489806,44.22527313232422,21.936931610107422,-68.79403686523438
1767593589959,1767593589.9549422,41.50371551513672,26.303382873535156,-59.732154846191406
1767593589959,1767593589.9549615,37.84756088256836,28.352025985717773,-47.00664138793945
1767593589959,1767593589.9549806,33.2642822265625,23.125741958618164,-29.152042388916016
1767593589985,1767593589.9809422,25.53327178955078,8.02260684967041,-9.630118370056152
1767593589985,1767593589.9809616,13.450762748718262,-10.863790512084961,5.96648645401001
1767593589985,1767593589.9809806,1.5850815773010254,-27.8809871673584,18.437788009643555
1767593590055,1767593590.0539422,-7.177728176116943,-39.499935150146484,29.84738540649414
1767593590055,1767593590.0539615,-14.721818923950195,-42.23644256591797,38.86440658569336
1767593590055,1767593590.0539806,-20.306989669799805,-37.451290130615234,45.48884963989258
1767593590208,1767593590.2039423,-23.723886489868164,-29.62308120727539,51.36561584472656
1767593590208,1767593590.2039616,-25.69776153564453,-20.643444061279297,57.95267868041992
1767593590208,1767593590.2039807,-27.529577255249023,-12.224568367004395,63.747196197509766
1767593590270,1767593590.2639422,-29.181949615478516,-4.329067230224609,66.30426025390625
1767593590274,1767593590.2639616,-29.660465240478516,3.229977607727051,65.99771118164062
1767593590274,1767593590.2639806,-27.933324813842773,10.086203575134277,63.044376373291016
1767593590274,1767593590.2699423,-23.933237075805664,16.576065063476562,57.62369918823242
1767593590274,1767593590.2699616,-18.80415153503418,23.08835792541504,49.45155334472656
1767593590274,1767593590.2699807,-13.091876983642578,29.14456558227539,38.56533432006836
1767593590302,1767593590.2959423,-7.461846351623535,33.854949951171875,25.63794708251953
1767593590302,1767593590.2959616,-2.310331106185913,37.27932357788086,11.90306568145752
1767593590302,1767593590.2959807,2.400052785873413,39.67190170288086,-1.218718409538269
1767593590333,1767593590.3279424,6.684259414672852,40.92052459716797,-13.697497367858887
1767593590333,1767593590.3279617,10.317983627319336,33.675506591796875,-26.77442169189453
1767593590333,1767593590.3279808,14.69938850402832,14.80406379699707,-39.170955657958984
1767593590416,1767593590.4139423,19.858381271362305,-8.179618835449219,-47.03654861450195
1767593590416,1767593590.4139616,24.71082305908203,-24.84540557861328,-48.49452590942383
1767593590416,1767593590.4139807,23.604257583618164,-31.671724319458008,-46.64027786254883
1767593590457,1767593590.4439423,18.35554313659668,-31.282930374145508,-42.44579315185547
1767593590457,1767593590.4439616,12.12736988067627,-27.245458602905273,-36.008270263671875
1767593590457,1767593590.4439807,6.407617568969727,-22.004222869873047,-28.6884822845459
1767593590506,1767593590.5039423,1.7794784307479858,-16.635879516601562,-21.921977996826172
1767593590506,1767593590.5039616,-1.8691999912261963,-11.55913257598877,-16.426528930664062
1767593590506,1767593590.5039806,-4.919734477996826,-6.684259414672852,-12.21709156036377
1767593590621,1767593590.6159422,-6.811364650726318,-2.018735885620117,-8.688041687011719
1767593590622,1767593590.6159616,-7.357171058654785,2.549588918685913,-5.390772819519043
1767593590622,1767593590.6159806,-7.52913761138916,6.781457424163818,-2.893521547317505
1767593590643,1767593590.6419423,-8.082420349121094,9.914237022399902,-1.6598496437072754
1767593590643,1767593590.6419616,-9.316092491149902,12.366626739501953,-2.751462459564209
1767593590645,1767593590.6419806,-10.460042953491211,14.781633377075195,-5.458064079284668
1767593590675,1767593590.6729424,-10.587148666381836,17.106918334960938,-7.70858097076416
1767593590675,1767593590.6729617,-9.652548789978027,18.826581954956055,-9.503012657165527
1767593590675,1767593590.6729808,-8.441307067871094,18.31068229675293,-10.579671859741211
1767593590732,1767593590.7289424,-7.387078285217285,14.527421951293945,-10.968465805053711
1767593590732,1767593590.7289617,-6.362756729125977,8.889915466308594,-10.250692367553711
1767593590732,1767593590.7289808,-4.957118511199951,2.87109112739563,-8.418876647949219
1767593590793,1767593590.7889423,-3.5739104747772217,-2.848660707473755,-5.72722864151001
1767593590793,1767593590.7889616,-2.97576642036438,-7.25997257232666,-3.3720366954803467
1767593590793,1767593590.7889807,-3.117825508117676,-9.503012657165527,-1.9290144443511963
1767593590873,1767593590.8659422,-3.7234463691711426,-9.667502403259277,-1.5551743507385254
1767593590873,1767593590.8659616,-4.067378997802734,-8.246910095214844,-1.5701279640197754
1767593590873,1767593590.8659806,-3.9851343631744385,-6.362756729125977,-1.5476975440979004
1767593590900,1767593590.8959422,-3.3869903087615967,-4.396358489990234,-1.5476975440979004
1767593590900,1767593590.8959615,-2.370145559310913,-2.392575979232788,-1.3981616497039795
1767593590900,1767593590.8959806,-1.3009631633758545,-0.590667188167572,-1.465452790260315
1767593591001,1767593590.9989424,-0.38879358768463135,0.7252495884895325,-1.6523728370666504
1767593591001,1767593590.9989617,0.44860801100730896,1.2934863567352295,-1.5776047706604004
1767593591001,1767593590.9989808,1.248625636100769,1.47292959690094,-1.151427149772644
1767593591067,1767593591.0609424,1.7271407842636108,1.0990896224975586,-0.3514096140861511
1767593591067,1767593591.0609617,1.8467695713043213,0.44860801100730896,0.39627039432525635
1767593591067,1767593591.0609808,1.7047103643417358,-0.3215023875236511,0.9944143891334534
1767593591109,1767593591.1039424,1.151427149772644,-1.181334376335144,1.44302237033844
1767593591109,1767593591.1039617,1.0018912553787231,-1.5476975440979004,1.9663983583450317
1767593591109,1767593591.1039808,1.233672022819519,-1.3533008098602295,2.639310359954834
1767593591156,1767593591.1519423,1.4056384563446045,-0.7252495884895325,3.229977607727051
1767593591156,1767593591.1519616,1.50283682346344,-0.14205920696258545,3.5514800548553467
1767593591156,1767593591.1519806,1.3757312297821045,0.44860801100730896,3.5215728282928467
1767593591188,1767593591.1809423,1.233672022819519,0.7850639820098877,2.938382387161255
1767593591188,1767593591.1809616,1.0841360092163086,0.9121695756912231,2.295377492904663
1767593591188,1767593591.1809807,1.158903956413269,1.0168447494506836,1.6448960304260254
1767593591245,1767593591.2409422,1.3159167766571045,1.271056056022644,0.8673087954521179
1767593591245,1767593591.2409616,1.3981616497039795,1.7570480108261108,0.17944319546222687
1767593591245,1767593591.2409806,1.218718409538269,2.325284719467163,-0.2990719974040985
1767593591303,1767593591.2989423,1.1289968490600586,3.072964906692505,-0.7551568150520325
1767593591303,1767593591.2989616,0.9046928286552429,3.9178431034088135,-0.8822624087333679
1767593591303,1767593591.2989807,0.635528028011322,4.463649749755859,-0.7850639820098877
1767593591398,1767593591.3919423,0.3065488040447235,4.837489604949951,-0.3140256106853485
1767593591398,1767593591.3919616,-0.11962880194187164,4.904780864715576,0.007476800121366978
1767593591398,1767593591.3919806,-0.5084223747253418,4.867396831512451,0.38879358768463135
1767593591427,1767593591.4239423,-0.8224480152130127,4.575801372528076,0.635528028011322
1767593591427,1767593591.4239616,-0.9794607758522034,3.8804593086242676,0.8224480152130127
1767593591427,1767593591.4239807,-1.1065664291381836,3.072964906692505,0.7925407886505127
1767593591482,1767593591.4789424,-1.203764796257019,2.063596725463867,0.628051221370697
1767593591482,1767593591.4789617,-1.3607776165008545,0.8822624087333679,0.3514096140861511
1767593591482,1767593591.4789808,-1.256102442741394,-0.11962880194187164,0.02990720048546791
1767593591533,1767593591.5239422,-1.158903956413269,-0.8598319888114929,-0.2467343956232071
1767593591533,1767593591.5239615,-1.2934863567352295,-1.196287989616394,-0.43365439772605896
1767593591533,1767593591.5239806,-1.495360016822815,-1.256102442741394,-0.6579583883285522
1767593591585,1767593591.5849423,-1.7196639776229858,-0.9944143891334534,-1.0841360092163086
1767593591585,1767593591.5849617,-1.6748032569885254,-0.37384000420570374,-1.3084399700164795
1767593591585,1767593591.5849807,-1.3906848430633545,0.15701280534267426,-1.241148829460144
1767593591705,1767593591.7039423,-1.0168447494506836,0.6654351949691772,-1.0093679428100586
1767593591705,1767593591.7039616,-0.8149712085723877,1.0542287826538086,-0.6579583883285522
1767593591705,1767593591.7039807,-0.7775871753692627,1.420591950416565,-0.3364560008049011
1767593591745,1767593591.7389424,-0.8299248218536377,1.7794784307479858,-0.05233760178089142
1767593591745,1767593591.7389617,-0.9420768022537231,1.8467695713043213,0.3140256106853485
1767593591746,1767593591.7389808,-0.9570304155349731,1.6523728370666504,0.6953424215316772
1767593591767,1767593591.7649424,-0.9345999956130981,1.435545563697815,0.9794607758522034
1767593591767,1767593591.7649617,-0.8673087954521179,1.226195216178894,1.0018912553787231
1767593591767,1767593591.7649808,-0.7925407886505127,1.0691823959350586,0.6878656148910522
1767593591825,1767593591.8239422,-0.7102959752082825,0.8074944019317627,0.2766416072845459
1767593591825,1767593591.8239615,-0.6430047750473022,0.575713574886322,0.02990720048546791
1767593591825,1767593591.8239806,-0.7327263951301575,0.2990719974040985,-0.2392576038837433
1767593591904,1767593591.8999424,-0.7551568150520325,0.06729120016098022,-0.5009456276893616
1767593591904,1767593591.8999617,-0.7626336216926575,0.02243039943277836,-0.4560847878456116
1767593591904,1767593591.8999808,-0.8074944019317627,-0.02990720048546791,-0.2542111873626709
1767593591933,1767593591.9309423,-0.9121695756912231,0.2317807972431183,0.07476799935102463
1767593591933,1767593591.9309616,-0.9420768022537231,0.6654351949691772,0.2841184139251709
1767593591933,1767593591.9309807,-0.9570304155349731,1.3009631633758545,0.42617759108543396
1767593591995,1767593591.9909422,-0.9121695756912231,1.9215376377105713,0.5383296012878418
1767593591995,1767593591.9909616,-0.9794607758522034,2.175748825073242,0.628051221370697
1767593591995,1767593591.9909806,-1.166380763053894,2.213132858276367,0.5458064079284668
1767593592097,1767593592.0939424,-1.0841360092163086,2.063596725463867,0.620574414730072
1767593592097,1767593592.0939617,-1.0243215560913086,1.8617231845855713,0.6654351949691772
1767593592097,1767593592.0939808,-0.9794607758522034,1.6075119972229004,0.6504815816879272
1767593592132,1767593592.1289423,-1.0392751693725586,1.2785327434539795,0.575713574886322
1767593592132,1767593592.1289616,-1.0841360092163086,1.0018912553787231,0.39627039432525635
1767593592132,1767593592.1289806,-1.0766592025756836,0.7925407886505127,0.2616879940032959
1767593592163,1767593592.1609423,-1.0392751693725586,0.8000175952911377,0.02990720048546791
1767593592163,1767593592.1609616,-0.9271231889724731,0.9495536088943481,-0.09719839692115784
1767593592163,1767593592.1609807,-0.7402032017707825,0.9719840288162231,-0.14953599870204926
1767593592261,1767593592.2599423,-0.620574414730072,0.9271231889724731,-0.09719839692115784
1767593592261,1767593592.2599616,-0.575713574886322,1.0168447494506836,0.007476800121366978
1767593592261,1767593592.2599807,-0.4635615944862366,1.196287989616394,0.2915951907634735
1767593592275,1767593592.2739422,-0.4785152077674866,1.5476975440979004,0.5308527946472168
1767593592275,1767593592.2739615,-0.39627039432525635,1.9514447450637817,0.7327263951301575
1767593592275,1767593592.2739806,-0.4710384011268616,2.400052785873413,0.8822624087333679
1767593592341,1767593592.3339424,-0.5233759880065918,2.743985652923584,0.9944143891334534
1767593592341,1767593592.3339617,-0.5233759880065918,2.833707094192505,1.0467519760131836
1767593592341,1767593592.3339808,-0.598143994808197,2.586972713470459,0.9121695756912231
1767593592455,1767593592.4539423,-0.6729120016098022,2.287900686264038,0.7551568150520325
1767593592455,1767593592.4539616,-0.7551568150520325,2.0112593173980713,0.628051221370697
1767593592455,1767593592.4539807,-0.7850639820098877,1.8093856573104858,0.3140256106853485
1767593592462,1767593592.4599423,-0.7177727818489075,1.6075119972229004,-0.007476800121366978
1767593592463,1767593592.4599617,-0.5158991813659668,1.42806875705719,-0.18692000210285187
1767593592464,1767593592.4599807,-0.5607600212097168,1.256102442741394,-0.3439328074455261
1767593592501,1767593592.4989424,-0.5308527946472168,1.188811182975769,-0.35888639092445374
1767593592501,1767593592.4989617,-0.5458064079284668,1.203764796257019,-0.2616879940032959
1767593592501,1767593592.4989808,-0.4934687912464142,1.3458240032196045,-0.02243039943277836
1767593592567,1767593592.5589423,-0.44860801100730896,1.6822799444198608,0.3289791941642761
1767593592567,1767593592.5589616,-0.5532832145690918,1.8467695713043213,0.5383296012878418
1767593592567,1767593592.5589807,-0.7177727818489075,1.9140608310699463,0.8074944019317627
1767593592620,1767593592.6189423,-0.7028192281723022,1.9065840244293213,0.8149712085723877
1767593592620,1767593592.6189616,-0.6803888082504272,1.8093856573104858,0.7850639820098877
1767593592620,1767593592.6189806,-0.583190381526947,1.8542463779449463,0.6803888082504272
1767593592682,1767593592.6809423,-0.5458064079284668,1.8766767978668213,0.598143994808197
1767593592682,1767593592.6809616,-0.5458064079284668,1.7196639776229858,0.5158991813659668
1767593592682,1767593592.6809807,-0.583190381526947,1.5776047706604004,0.40374720096588135
1767593592772,1767593592.7689424,-0.7402032017707825,1.3757312297821045,0.2317807972431183
1767593592772,1767593592.7689617,-0.8000175952911377,1.45797598361969,0.14953599870204926
1767593592772,1767593592.7689807,-0.7476800084114075,1.4056384563446045,0.14205920696258545
1767593592817,1767593592.8159423,-0.7402032017707825,1.188811182975769,0.11215200275182724
1767593592817,1767593592.8159616,-0.8000175952911377,0.8448783755302429,0.16448959708213806
1767593592817,1767593592.8159807,-0.8747856020927429,0.8000175952911377,0.14205920696258545
1767593592849,1767593592.8439424,-0.8149712085723877,0.9719840288162231,0.09719839692115784
1767593592849,1767593592.8439617,-0.605620801448822,1.233672022819519,0.20187360048294067
1767593592849,1767593592.8439808,-0.620574414730072,1.5626511573791504,0.3439328074455261
1767593592911,1767593592.9089422,-0.628051221370697,1.6673264503479004,0.41870081424713135
1767593592911,1767593592.9089615,-0.4785152077674866,1.6299424171447754,0.5458064079284668
1767593592911,1767593592.9089806,-0.40374720096588135,1.47292959690094,0.8299248218536377
1767593592996,1767593592.9949422,-0.43365439772605896,1.248625636100769,0.9570304155349731
1767593592996,1767593592.9949615,-0.620574414730072,1.1140432357788086,0.9869375824928284
1767593592996,1767593592.9949806,-0.7327263951301575,1.1140432357788086,1.0467519760131836
1767593593028,1767593593.0279424,-0.7701104283332825,1.1140432357788086,1.188811182975769
1767593593028,1767593593.0279617,-0.7177727818489075,1.211241602897644,1.196287989616394
1767593593028,1767593593.0279808,-0.6878656148910522,1.3533008098602295,1.1140432357788086
1767593593130,1767593593.1289423,-0.4859920144081116,1.3533008098602295,1.0018912553787231
1767593593130,1767593593.1289616,-0.43365439772605896,1.2785327434539795,0.8523551821708679
1767593593130,1767593593.1289806,-0.38879358768463135,1.1140432357788086,0.7028192281723022
1767593593193,1767593593.1919422,-0.3514096140861511,1.166380763053894,0.42617759108543396
1767593593193,1767593593.1919615,-0.2317807972431183,1.42806875705719,0.37384000420570374
1767593593193,1767593593.1919806,-0.2467343956232071,1.8093856573104858,0.40374720096588135
1767593593229,1767593593.2249422,-0.16448959708213806,2.093503952026367,0.44113120436668396
1767593593229,1767593593.2249615,-0.15701280534267426,2.265470504760742,0.575713574886322
1767593593229,1767593593.2249806,-0.19439679384231567,2.512204885482788,0.7102959752082825
1767593593282,1767593593.2789423,-0.3065488040447235,2.534635305404663,0.7402032017707825
1767593593286,1767593593.2789617,-0.3215023875236511,2.586972713470459,0.7775871753692627
1767593593286,1767593593.2789807,-0.3289791941642761,2.422483205795288,0.6729120016098022
1767593593311,1767593593.3089423,-0.20935040712356567,2.145841598510742,0.6729120016098022
1767593593311,1767593593.3089616,-0.20187360048294067,1.9215376377105713,0.590667188167572
1767593593311,1767593593.3089807,-0.20935040712356567,1.8617231845855713,0.40374720096588135
1767593593415,1767593593.4139423,0.037383999675512314,1.6523728370666504,0.3215023875236511
1767593593415,1767593593.4139616,0.08972159773111343,1.5776047706604004,0.20187360048294067
1767593593415,1767593593.4139807,0.02990720048546791,1.6822799444198608,0.06729120016098022
1767593593463,1767593593.4609423,-0.02243039943277836,1.8542463779449463,-0.02990720048546791
1767593593463,1767593593.4609616,-0.11962880194187164,1.9963055849075317,-0.07476799935102463
1767593593463,1767593593.4609807,-0.22430400550365448,2.041166305541992,-0.02243039943277836
1767593593502,1767593593.4919424,-0.39627039432525635,2.0037825107574463,0.17944319546222687
1767593593502,1767593593.4919617,-0.44113120436668396,1.9215376377105713,0.20935040712356567
1767593593502,1767593593.4919808,-0.5383296012878418,1.7720016241073608,0.2317807972431183
1767593593596,1767593593.5939424,-0.6953424215316772,1.6972335577011108,0.20187360048294067
1767593593596,1767593593.5939617,-0.6430047750473022,1.6598496437072754,-0.06729120016098022
1767593593596,1767593593.5939808,-0.583190381526947,1.5701279640197754,-0.21682719886302948
1767593593604,1767593593.6009424,-0.5383296012878418,1.6299424171447754,-0.3289791941642761
1767593593604,1767593593.6009617,-0.41870081424713135,1.5551743507385254,-0.20187360048294067
1767593593604,1767593593.6009808,-0.5009456276893616,1.5476975440979004,-0.18692000210285187
1767593593659,1767593593.6559422,-0.628051221370697,1.50283682346344,-0.11962880194187164
1767593593659,1767593593.6559615,-0.7626336216926575,1.42806875705719,-0.09719839692115784
1767593593659,1767593593.6559806,-0.8074944019317627,1.3383471965789795,0.02990720048546791
1767593593719,1767593593.7159424,-0.9196463823318481,1.0392751693725586,0.12710559368133545
1767593593719,1767593593.7159617,-0.9719840288162231,0.9719840288162231,0.21682719886302948
1767593593719,1767593593.7159808,-0.9719840288162231,1.256102442741394,0.14953599870204926
1767593593766,1767593593.7589424,-0.8448783755302429,1.5551743507385254,0.08224479854106903
1767593593766,1767593593.7589617,-0.7102959752082825,1.8019088506698608,0.014953600242733955
1767593593766,1767593593.7589808,-0.6579583883285522,1.8243391513824463,-0.05233760178089142
1767593593822,1767593593.8219423,-0.575713574886322,1.7570480108261108,-0.06729120016098022
1767593593822,1767593593.8219616,-0.5682368278503418,1.5476975440979004,0.14953599870204926
1767593593822,1767593593.8219807,-0.620574414730072,1.4056384563446045,0.17944319546222687
1767593593925,1767593593.9239423,-0.7327263951301575,1.3533008098602295,0.3140256106853485
1767593593925,1767593593.9239616,-0.6878656148910522,1.3383471965789795,0.21682719886302948
1767593593925,1767593593.9239807,-0.635528028011322,1.3607776165008545,0.2766416072845459
1767593593958,1767593593.9559424,-0.575713574886322,1.48788321018219,0.11215200275182724
1767593593958,1767593593.9559617,-0.5084223747253418,1.5626511573791504,0.04486079886555672
1767593593958,1767593593.9559808,-0.41122400760650635,1.450499176979065,-0.02243039943277836
1767593593987,1767593593.9869423,-0.5383296012878418,1.3607776165008545,-0.014953600242733955
1767593593988,1767593593.9869616,-0.613097608089447,1.3757312297821045,-0.02243039943277836
1767593593988,1767593593.9869807,-0.635528028011322,1.3757312297821045,-0.08972159773111343
1767593594051,1767593594.0479424,-0.613097608089447,1.6075119972229004,-0.17944319546222687
1767593594051,1767593594.0479617,-0.5233759880065918,1.8019088506698608,-0.17196640372276306
1767593594051,1767593594.0479808,-0.3514096140861511,2.093503952026367,0.02990720048546791
1767593594135,1767593594.1339424,-0.41122400760650635,2.422483205795288,0.2616879940032959
1767593594135,1767593594.1339617,-0.5607600212097168,2.557065486907959,0.36636319756507874
1767593594135,1767593594.1339808,-0.6654351949691772,2.377622365951538,0.40374720096588135
1767593594165,1767593594.1639423,-0.7252495884895325,2.086027145385742,0.37384000420570374
1767593594165,1767593594.1639616,-0.7775871753692627,1.8691999912261963,0.2841184139251709
1767593594165,1767593594.1639807,-0.7028192281723022,1.7869552373886108,0.19439679384231567
1767593594350,1767593594.3439424,-0.635528028011322,1.7196639776229858,-0.02990720048546791
1767593594350,1767593594.3439617,-0.620574414730072,1.5850815773010254,-0.17196640372276306
1767593594350,1767593594.3439808,-0.613097608089447,1.51779043674469,-0.2616879940032959
1767593594393,1767593594.3919423,-0.590667188167572,1.48788321018219,-0.18692000210285187
1767593594393,1767593594.3919616,-0.620574414730072,1.525267243385315,-0.15701280534267426
1767593594393,1767593594.3919806,-0.6430047750473022,1.6448960304260254,0.05981440097093582
1767593594427,1767593594.4219422,-0.6729120016098022,1.6972335577011108,0.2915951907634735
1767593594427,1767593594.4219615,-0.7701104283332825,1.6897567510604858,0.4560847878456116
1767593594427,1767593594.4219806,-0.8374016284942627,1.8243391513824463,0.36636319756507874
1767593594432,1767593594.4269423,-0.8598319888114929,1.7271407842636108,0.2317807972431183
1767593594432,1767593594.4269617,-0.8747856020927429,1.6149888038635254,0.21682719886302948
1767593594432,1767593594.4269807,-0.7551568150520325,1.5551743507385254,0.11215200275182724
1767593594487,1767593594.4789424,-0.583190381526947,1.53274405002594,-0.02990720048546791
1767593594487,1767593594.4789617,-0.583190381526947,1.6748032569885254,-0.05981440097093582
1767593594487,1767593594.4789808,-0.6729120016098022,1.7420943975448608,-0.014953600242733955
1767593594571,1767593594.5699422,-0.7551568150520325,1.7047103643417358,0.0
1767593594571,1767593594.5699615,-0.6430047750473022,1.6224656105041504,-0.02243039943277836
1767593594571,1767593594.5699806,-0.598143994808197,1.6000351905822754,0.11215200275182724
1767593594576,1767593594.5749424,-0.4934687912464142,1.44302237033844,0.2392576038837433
1767593594576,1767593594.5749617,-0.4785152077674866,1.3832080364227295,0.42617759108543396
1767593594576,1767593594.5749807,-0.6803888082504272,1.196287989616394,0.5009456276893616
1767593594691,1767593594.6899424,-0.7476800084114075,1.143950343132019,0.4635615944862366
1767593594691,1767593594.6899617,-0.6504815816879272,1.4056384563446045,0.44113120436668396
1767593594691,1767593594.6899807,-0.44860801100730896,1.6748032569885254,0.3514096140861511
1767593594696,1767593594.6949422,-0.4934687912464142,1.8766767978668213,0.2841184139251709
1767593594696,1767593594.6949615,-0.5233759880065918,1.8617231845855713,0.17196640372276306
1767593594696,1767593594.6949806,-0.575713574886322,1.7794784307479858,0.17196640372276306
1767593594753,1767593594.7509422,-0.5009456276893616,1.6374192237854004,0.21682719886302948
1767593594754,1767593594.7509615,-0.5158991813659668,1.50283682346344,0.2542111873626709
1767593594754,1767593594.7509806,-0.5458064079284668,1.3084399700164795,0.2317807972431183
1767593594845,1767593594.8409424,-0.620574414730072,1.158903956413269,0.14953599870204926
1767593594845,1767593594.8409617,-0.6803888082504272,1.0691823959350586,0.06729120016098022
1767593594845,1767593594.8409808,-0.6504815816879272,1.158903956413269,0.15701280534267426
1767593594872,1767593594.8699422,-0.575713574886322,1.41311514377594,0.2766416072845459
1767593594872,1767593594.8699615,-0.5458064079284668,1.44302237033844,0.3140256106853485
1767593594872,1767593594.8699806,-0.575713574886322,1.3084399700164795,0.2691648006439209
1767593594921,1767593594.9139423,-0.5682368278503418,1.211241602897644,0.2317807972431183
1767593594921,1767593594.9139616,-0.4859920144081116,1.2934863567352295,0.2915951907634735
1767593594921,1767593594.9139807,-0.4635615944862366,1.42806875705719,0.2841184139251709
1767593595036,1767593595.0339422,-0.44113120436668396,1.6448960304260254,0.2616879940032959
1767593595036,1767593595.0339615,-0.44113120436668396,1.8766767978668213,0.20935040712356567
1767593595036,1767593595.0339806,-0.43365439772605896,2.063596725463867,0.21682719886302948
1767593595041,1767593595.0389423,-0.5009456276893616,2.041166305541992,0.3289791941642761
1767593595041,1767593595.0389616,-0.5009456276893616,1.9813519716262817,0.38879358768463135
1767593595041,1767593595.0389807,-0.5532832145690918,1.8991072177886963,0.39627039432525635
1767593595095,1767593595.0949423,-0.583190381526947,1.5925583839416504,0.40374720096588135
1767593595095,1767593595.0949616,-0.5607600212097168,1.3533008098602295,0.35888639092445374
1767593595095,1767593595.0949807,-0.5458064079284668,1.203764796257019,0.19439679384231567
1767593595161,1767593595.1549423,-0.4560847878456116,1.188811182975769,0.14205920696258545
1767593595161,1767593595.1549616,-0.3439328074455261,1.256102442741394,0.05233760178089142
1767593595161,1767593595.1549807,-0.2392576038837433,1.2785327434539795,-0.007476800121366978
1767593595202,1767593595.1989422,-0.3289791941642761,1.2785327434539795,0.14205920696258545
1767593595202,1767593595.1989615,-0.2990719974040985,1.3084399700164795,0.3514096140861511
1767593595202,1767593595.1989806,-0.37384000420570374,1.211241602897644,0.42617759108543396
1767593595266,1767593595.2639422,-0.5009456276893616,1.248625636100769,0.5458064079284668
1767593595266,1767593595.2639616,-0.4859920144081116,1.203764796257019,0.583190381526947
1767593595266,1767593595.2639806,-0.44113120436668396,1.0916128158569336,0.5084223747253418
1767593595312,1767593595.3039422,-0.5532832145690918,1.0392751693725586,0.2915951907634735
1767593595312,1767593595.3039615,-0.4859920144081116,1.0168447494506836,0.20187360048294067
1767593595312,1767593595.3039806,-0.41870081424713135,1.0766592025756836,0.19439679384231567
1767593595412,1767593595.4109423,-0.41122400760650635,1.151427149772644,0.14205920696258545
1767593595412,1767593595.4109616,-0.3439328074455261,1.241148829460144,0.17196640372276306
1767593595412,1767593595.4109807,-0.3514096140861511,1.196287989616394,0.14953599870204926
1767593595446,1767593595.4399424,-0.40374720096588135,1.0467519760131836,0.2467343956232071
1767593595447,1767593595.4399617,-0.40374720096588135,0.9196463823318481,0.3065488040447235
1767593595447,1767593595.4399807,-0.5308527946472168,0.9196463823318481,0.20935040712356567
1767593595509,1767593595.5039423,-0.605620801448822,0.8822624087333679,0.20935040712356567
1767593595509,1767593595.5039616,-0.5532832145690918,0.8598319888114929,0.3364560008049011
1767593595509,1767593595.5039806,-0.6430047750473022,0.7775871753692627,0.42617759108543396
1767593595541,1767593595.5349424,-0.7177727818489075,0.8224480152130127,0.4859920144081116
1767593595541,1767593595.5349617,-0.7775871753692627,1.151427149772644,0.4635615944862366
1767593595541,1767593595.5349808,-0.6953424215316772,1.48788321018219,0.5233759880065918
1767593595596,1767593595.5909424,-0.598143994808197,1.6822799444198608,0.4635615944862366
1767593595596,1767593595.5909617,-0.613097608089447,1.8019088506698608,0.37384000420570374
1767593595596,1767593595.5909808,-0.6878656148910522,1.7420943975448608,0.2766416072845459
1767593595661,1767593595.6529424,-0.6729120016098022,1.480406403541565,0.2616879940032959
1767593595661,1767593595.6529617,-0.6579583883285522,1.3607776165008545,0.3140256106853485
1767593595661,1767593595.6529808,-0.5682368278503418,1.256102442741394,0.2766416072845459
1767593595785,1767593595.7839422,-0.575713574886322,1.1289968490600586,0.2990719974040985
1767593595785,1767593595.7839615,-0.5532832145690918,1.271056056022644,0.21682719886302948
1767593595785,1767593595.7839806,-0.5458064079284668,1.465452790260315,0.09719839692115784
1767593595845,1767593595.8439424,-0.5383296012878418,1.7346175909042358,-0.02243039943277836
1767593595845,1767593595.8439617,-0.42617759108543396,1.6897567510604858,0.02990720048546791
1767593595845,1767593595.8439808,-0.4635615944862366,1.5626511573791504,0.04486079886555672
1767593595879,1767593595.8769424,-0.43365439772605896,1.6075119972229004,0.007476800121366978
1767593595879,1767593595.8769617,-0.3065488040447235,1.7346175909042358,0.08224479854106903
1767593595879,1767593595.8769808,-0.2616879940032959,1.8392927646636963,0.14205920696258545
1767593595893,1767593595.8889422,-0.3065488040447235,0.0,0.20187360048294067
1767593595893,1767593595.8889616,-0.38131681084632874,2.078550338745117,0.2766416072845459
1767593595893,1767593595.8889806,-0.38879358768463135,2.115934371948242,0.36636319756507874
1767593595958,1767593595.9529424,-0.4635615944862366,2.205656051635742,0.41870081424713135
1767593595958,1767593595.9529617,-0.5233759880065918,2.100980758666992,0.36636319756507874
1767593595958,1767593595.9529808,-0.583190381526947,1.8093856573104858,0.42617759108543396
1767593595998,1767593595.9939423,-0.583190381526947,1.465452790260315,0.35888639092445374
1767593595998,1767593595.9939616,-0.598143994808197,1.151427149772644,0.21682719886302948
1767593595998,1767593595.9939806,-0.5682368278503418,0.9944143891334534,0.05233760178089142
1767593596100,1767593596.0989423,-0.4785152077674866,0.8897392153739929,0.014953600242733955
1767593596100,1767593596.0989616,-0.36636319756507874,0.8822624087333679,-0.007476800121366978
1767593596100,1767593596.0989807,-0.2915951907634735,0.8299248218536377,-0.007476800121366978
1767593596148,1767593596.1469424,-0.37384000420570374,0.9869375824928284,0.09719839692115784
1767593596148,1767593596.1469617,-0.5682368278503418,1.0617055892944336,0.13458240032196045
1767593596148,1767593596.1469808,-0.5532832145690918,1.196287989616394,0.3215023875236511
1767593596160,1767593596.1589422,-0.5607600212097168,1.248625636100769,0.44113120436668396
1767593596160,1767593596.1589615,-0.6430047750473022,1.3607776165008545,0.4635615944862366
1767593596160,1767593596.1589806,-0.6579583883285522,1.3533008098602295,0.5084223747253418
1767593596221,1767593596.2189424,-0.7102959752082825,1.3682544231414795,0.4635615944862366
1767593596221,1767593596.2189617,-0.6654351949691772,1.465452790260315,0.2467343956232071
1767593596221,1767593596.2189808,-0.6579583883285522,1.47292959690094,0.2392576038837433
1767593596304,1767593596.2979424,-0.620574414730072,1.3832080364227295,0.2766416072845459
1767593596304,1767593596.2979617,-0.605620801448822,1.4056384563446045,0.16448959708213806
1767593596304,1767593596.2979808,-0.5009456276893616,1.465452790260315,0.12710559368133545
1767593596398,1767593596.3559422,-0.5084223747253418,1.420591950416565,0.20187360048294067
1767593596398,1767593596.3559616,-0.5607600212097168,1.44302237033844,0.2766416072845459
1767593596398,1767593596.3559806,-0.628051221370697,1.3906848430633545,0.3065488040447235
1767593596666,1767593596.3879423,-0.7028192281723022,1.510313630104065,0.2915951907634735
1767593596666,1767593596.3879616,-0.7701104283332825,1.41311514377594,0.14205920696258545
1767593596666,1767593596.3879807,-0.7925407886505127,1.44302237033844,0.20187360048294067
1767593596677,1767593596.4439423,-0.8299248218536377,1.271056056022644,0.13458240032196045
1767593596678,1767593596.4439616,-0.8374016284942627,1.0392751693725586,0.10467520356178284
1767593596678,1767593596.4439807,-0.9046928286552429,0.9271231889724731,0.14205920696258545
1767593596692,1767593596.5339422,-1.1364736557006836,1.0093679428100586,0.3364560008049011
1767593596692,1767593596.5339615,-1.3533008098602295,0.9944143891334534,0.4859920144081116
1767593596692,1767593596.5339806,-1.5701279640197754,1.0691823959350586,0.5308527946472168
1767593596699,1767593596.5679424,-1.8467695713043213,1.1140432357788086,0.7476800084114075
1767593596699,1767593596.5679617,-1.9215376377105713,1.203764796257019,0.9196463823318481
1767593596699,1767593596.5679808,-1.8467695713043213,1.0841360092163086,1.51779043674469
1767593596699,1767593596.6849422,-1.7869552373886108,0.9570304155349731,2.160795211791992
1767593596699,1767593596.6849616,-1.9364912509918213,0.9046928286552429,2.609403133392334
1767593596699,1767593596.6849806,-2.145841598510742,1.0392751693725586,2.601926326751709
1767593596702,1767593596.6919422,-2.130887985229492,1.6972335577011108,2.272947311401367
1767593596703,1767593596.6919615,-1.8243391513824463,3.5140960216522217,1.5701279640197754
1767593596706,1767593596.6919806,-1.7271407842636108,5.465540885925293,0.3140256106853485
1767593596747,1767593596.7439423,-1.9738751649856567,7.050622463226318,-1.3009631633758545
1767593596747,1767593596.7439616,-2.287900686264038,7.536614418029785,-3.013150453567505
1767593596747,1767593596.7439806,-2.220609664916992,7.31978702545166,-4.104763031005859
1767593596871,1767593596.8639424,-1.8841536045074463,6.587060928344727,-4.456172943115234
1767593596872,1767593596.8639617,-1.3533008098602295,5.465540885925293,-4.134670257568359
1767593596872,1767593596.8639808,-0.8000175952911377,4.127193450927734,-3.4468047618865967
1767593596872,1767593596.8709424,-0.36636319756507874,2.646787166595459,-2.385099172592163
1767593596873,1767593596.8709617,-0.08972159773111343,0.8299248218536377,-1.0168447494506836
1767593596873,1767593596.8709807,0.04486079886555672,-0.9869375824928284,0.7626336216926575
1767593596916,1767593596.9089422,0.16448959708213806,-2.041166305541992,2.362668752670288
1767593596917,1767593596.9089615,0.014953600242733955,-2.377622365951538,3.5365264415740967
1767593596917,1767593596.9089806,0.02990720048546791,-2.527158498764038,4.074855804443359
1767593596989,1767593596.9869423,-0.10467520356178284,-2.736508846282959,3.8355984687805176
1767593596989,1767593596.9869616,-0.14953599870204926,-3.095395088195801,3.162686347961426
1767593596989,1767593596.9869807,-0.5158991813659668,-3.6038177013397217,2.160795211791992
1767593597047,1767593597.0439422,-1.0093679428100586,-3.9327967166900635,0.9046928286552429
1767593597047,1767593597.0439615,-1.510313630104065,-3.7757840156555176,-0.2467343956232071
1767593597047,1767593597.0439806,-1.9514447450637817,-3.5215728282928467,-1.0766592025756836
1767593597077,1767593597.0769422,-2.063596725463867,-3.155209541320801,-1.241148829460144
1767593597077,1767593597.0769615,-1.8617231845855713,-2.908475160598755,-0.7551568150520325
1767593597077,1767593597.0769806,-1.8467695713043213,-2.160795211791992,0.22430400550365448
1767593597231,1767593597.2269423,-2.183225631713867,-0.7925407886505127,1.151427149772644
1767593597231,1767593597.2269616,-2.699124813079834,1.3233935832977295,1.7720016241073608
1767593597231,1767593597.2269807,-3.132779121398926,3.058011293411255,2.130887985229492
1767593597238,1767593597.2319424,-2.88604474067688,3.9477503299713135,2.549588918685913
1767593597238,1767593597.2319617,-2.0037825107574463,4.269252777099609,2.751462459564209
1767593597238,1767593597.2319808,-1.3533008098602295,4.493556976318359,2.684171199798584
1767593597303,1767593597.2999423,-0.9420768022537231,5.091701030731201,2.0037825107574463
1767593597304,1767593597.2999616,-0.8224480152130127,6.123499393463135,0.9196463823318481
1767593597304,1767593597.2999806,-0.9495536088943481,6.744073390960693,-0.5458064079284668
1767593597332,1767593597.3319423,-0.9944143891334534,7.073052883148193,-1.9813519716262817
1767593597332,1767593597.3319616,-0.9046928286552429,6.714166164398193,-2.908475160598755
1767593597332,1767593597.3319807,-0.4785152077674866,5.615077018737793,-3.192593574523926
1767593597451,1767593597.4489422,-0.16448959708213806,4.112239837646484,-2.97576642036438
1767593597451,1767593597.4489615,-0.04486079886555672,2.168272018432617,-2.586972713470459
1767593597451,1767593597.4489806,-0.04486079886555672,0.2915951907634735,-1.7944320440292358
1767593597615,1767593597.6149423,0.10467520356178284,-1.45797598361969,-0.6430047750473022
1767593597615,1767593597.6149616,0.5233759880065918,-2.317807912826538,0.7327263951301575
1767593597615,1767593597.6149807,0.628051221370697,-2.317807912826538,1.8766767978668213
1767593597621,1767593597.6189423,0.17944319546222687,-1.7720016241073608,2.392575979232788
1767593597621,1767593597.6189616,-0.07476799935102463,-0.9121695756912231,2.474820852279663
1767593597621,1767593597.6189806,0.007476800121366978,-0.02990720048546791,2.407529592514038
1767593597648,1767593597.6469424,0.36636319756507874,0.7775871753692627,2.287900686264038
1767593597648,1767593597.6469617,0.7102959752082825,1.42806875705719,2.056119918823242
1767593597648,1767593597.6469808,0.7551568150520325,1.9888287782669067,1.48788321018219
1767593597730,1767593597.7229424,0.5009456276893616,2.250516891479492,0.8374016284942627
1767593597731,1767593597.7229617,0.2841184139251709,2.317807912826538,0.11962880194187164
1767593597731,1767593597.7229807,0.17196640372276306,2.542112112045288,-0.3065488040447235
1767593597787,1767593597.7819424,0.2542111873626709,2.504728078842163,-0.5458064079284668
1767593597787,1767593597.7819617,0.3065488040447235,2.482297658920288,-0.7476800084114075
1767593597787,1767593597.7819808,0.11215200275182724,2.497251272201538,-1.143950343132019
1767593597857,1767593597.8539424,-0.037383999675512314,2.429960012435913,-1.5476975440979004
1767593597857,1767593597.8539617,-0.17944319546222687,2.407529592514038,-1.8168623447418213
1767593597857,1767593597.8539808,-0.2841184139251709,2.108457565307617,-1.7645248174667358
1767593597876,1767593597.8729422,-0.2691648006439209,1.8093856573104858,-1.4056384563446045
1767593597876,1767593597.8729615,-0.4785152077674866,1.45797598361969,-0.8448783755302429
1767593597876,1767593597.8729806,-0.8673087954521179,1.1215200424194336,-0.2915951907634735
1767593597908,1767593597.9069424,-1.166380763053894,0.7626336216926575,0.5682368278503418
1767593597908,1767593597.9069617,-1.47292959690094,0.2990719974040985,1.6822799444198608
1767593597908,1767593597.9069808,-1.6897567510604858,0.05233760178089142,2.639310359954834
1767593598006,1767593598.0049424,-1.7944320440292358,0.3289791941642761,3.4243743419647217
1767593598006,1767593598.0049617,-1.6972335577011108,1.0243215560913086,3.5739104747772217
1767593598006,1767593598.0049808,-1.6448960304260254,2.153318405151367,3.05053448677063
1767593598020,1767593598.0189424,-1.44302237033844,3.140255928039551,2.100980758666992
1767593598020,1767593598.0189617,-1.1364736557006836,3.8355984687805176,0.8374016284942627
1767593598020,1767593598.0189807,-0.6878656148910522,4.007565021514893,-0.4560847878456116
1767593598045,1767593598.0399423,-0.19439679384231567,3.7159695625305176,-1.3906848430633545
1767593598048,1767593598.0399616,0.22430400550365448,3.043057680130005,-1.9514447450637817
1767593598048,1767593598.0399806,0.2392576038837433,2.474820852279663,-2.243040084838867
1767593598096,1767593598.0949423,0.2616879940032959,1.8019088506698608,-1.9589215517044067
1767593598096,1767593598.0949616,0.44860801100730896,1.151427149772644,-1.166380763053894
1767593598096,1767593598.0949807,0.5532832145690918,0.9196463823318481,-0.14205920696258545
1767593598212,1767593598.1989422,0.44860801100730896,1.1215200424194336,0.5682368278503418
1767593598212,1767593598.1989615,0.5308527946472168,1.3084399700164795,1.211241602897644
1767593598212,1767593598.1989806,0.6430047750473022,1.271056056022644,1.8841536045074463
1767593598212,1767593598.2059424,0.7476800084114075,1.0168447494506836,2.489774465560913
1767593598212,1767593598.2059617,0.44113120436668396,0.8000175952911377,2.504728078842163
1767593598212,1767593598.2059808,-0.2616879940032959,0.5682368278503418,1.8542463779449463
1767593598233,1767593598.2319424,-0.7626336216926575,0.38879358768463135,0.9794607758522034
1767593598233,1767593598.2319617,-0.7252495884895325,0.14953599870204926,0.39627039432525635
1767593598233,1767593598.2319808,-0.40374720096588135,-0.07476799935102463,0.36636319756507874
1767593598338,1767593598.3369422,-0.21682719886302948,-0.3289791941642761,0.6953424215316772
1767593598338,1767593598.3369615,-0.2841184139251709,0.04486079886555672,0.7775871753692627
1767593598339,1767593598.3369806,-0.8000175952911377,1.241148829460144,0.4560847878456116
1767593598375,1767593598.3679423,-1.3383471965789795,2.624356746673584,-0.05981440097093582
1767593598375,1767593598.3679616,-1.525267243385315,3.7832608222961426,-0.3439328074455261
1767593598375,1767593598.3679807,-1.45797598361969,3.9701807498931885,-0.5084223747253418
1767593598427,1767593598.4259424,-1.248625636100769,3.5963408946990967,-0.628051221370697
1767593598427,1767593598.4259617,-0.8374016284942627,3.132779121398926,-0.590667188167572
1767593598428,1767593598.4259808,-0.6729120016098022,2.549588918685913,-0.5308527946472168
1767593598457,1767593598.4559424,-1.0093679428100586,2.250516891479492,-0.6953424215316772
1767593598457,1767593598.4559617,-1.42806875705719,1.7346175909042358,-0.42617759108543396
1767593598457,1767593598.4559808,-1.6000351905822754,0.9196463823318481,0.583190381526947
1767593598515,1767593598.5139422,-1.1364736557006836,0.590667188167572,1.9888287782669067
1767593598515,1767593598.5139616,-0.6729120016098022,1.510313630104065,2.773892879486084
1767593598515,1767593598.5139806,-0.5009456276893616,3.185116767883301,2.572019100189209
1767593598578,1767593598.5779424,-0.8673087954521179,4.628139019012451,1.495360016822815
1767593598578,1767593598.5779617,-1.0093679428100586,4.949641704559326,0.08224479854106903
1767593598578,1767593598.5779808,-0.5158991813659668,4.127193450927734,-1.0617055892944336
1767593598726,1767593598.7259424,-0.11962880194187164,2.96081280708313,-2.063596725463867
1767593598726,1767593598.7259617,-0.4859920144081116,1.8318159580230713,-3.03558087348938
1767593598726,1767593598.7259808,-1.2860095500946045,0.18692000210285187,-3.6486783027648926
1767593598734,1767593598.7309422,-1.41311514377594,-1.7271407842636108,-2.811276912689209
1767593598734,1767593598.7309616,-1.0243215560913086,-2.908475160598755,-1.0990896224975586
1767593598734,1767593598.7309806,-0.9121695756912231,-2.93090558052063,0.2616879940032959
1767593598773,1767593598.7589424,-1.271056056022644,-2.616879940032959,0.8897392153739929
1767593598773,1767593598.7589617,-1.420591950416565,-2.228086471557617,1.0467519760131836
1767593598773,1767593598.7589808,-1.2934863567352295,-1.8019088506698608,1.3009631633758545
1767593598822,1767593598.8139422,-1.0617055892944336,-1.3607776165008545,1.5925583839416504
1767593598822,1767593598.8139615,-0.8299248218536377,-0.9196463823318481,1.6149888038635254
1767593598822,1767593598.8139806,-0.5383296012878418,0.35888639092445374,0.9645072221755981
1767593598907,1767593598.9059422,-0.2841184139251709,2.557065486907959,-0.037383999675512314
1767593598907,1767593598.9059615,-0.2392576038837433,4.837489604949951,-1.173857569694519
1767593598907,1767593598.9059806,-0.11215200275182724,6.220697402954102,-2.325284719467163
1767593598952,1767593598.9489422,0.02243039943277836,6.295465469360352,-3.06548810005188
1767593598952,1767593598.9489615,0.05233760178089142,5.256190299987793,-3.4243743419647217
1767593598952,1767593598.9489806,0.11962880194187164,3.7757840156555176,-3.252408027648926
1767593598982,1767593598.9799423,0.20935040712356567,2.407529592514038,-2.497251272201538
1767593598982,1767593598.9799616,0.39627039432525635,1.6299424171447754,-1.6897567510604858
1767593598982,1767593598.9799807,0.37384000420570374,1.6000351905822754,-1.1289968490600586
1767593599071,1767593599.0539422,0.11962880194187164,2.183225631713867,-0.9570304155349731
1767593599071,1767593599.0539615,-0.3289791941642761,3.03558087348938,-1.2934863567352295
1767593599071,1767593599.0539806,-0.8000175952911377,3.5589568614959717,-1.9589215517044067
1767593599087,1767593599.0849423,-0.9196463823318481,3.5290496349334717,-2.601926326751709
1767593599087,1767593599.0849617,-0.6729120016098022,2.88604474067688,-3.058011293411255
1767593599087,1767593599.0849807,-0.40374720096588135,2.071073532104492,-3.304745674133301
1767593599194,1767593599.1899424,-0.007476800121366978,1.211241602897644,-3.03558087348938
1767593599194,1767593599.1899617,0.628051221370697,0.10467520356178284,-2.123411178588867
1767593599194,1767593599.1899807,0.8747856020927429,-1.1065664291381836,-1.1065664291381836
1767593599207,1767593599.2039423,0.7701104283332825,-1.9963055849075317,-0.2841184139251709
1767593599207,1767593599.2039616,0.5233759880065918,-2.093503952026367,0.2616879940032959
1767593599207,1767593599.2039807,0.14205920696258545,-1.525267243385315,0.4859920144081116
1767593599257,1767593599.2519424,-0.06729120016098022,-0.8149712085723877,0.7102959752082825
1767593599257,1767593599.2519617,-0.2841184139251709,-0.06729120016098022,0.8224480152130127
1767593599257,1767593599.2519808,-0.3215023875236511,0.8822624087333679,0.9570304155349731
1767593599317,1767593599.3129423,-0.17944319546222687,1.6598496437072754,0.9570304155349731
1767593599317,1767593599.3129616,0.02990720048546791,2.220609664916992,1.1140432357788086
1767593599317,1767593599.3129807,0.16448959708213806,2.646787166595459,1.256102442741394
1767593599463,1767593599.4619422,0.2542111873626709,2.721555233001709,1.0467519760131836
1767593599463,1767593599.4619615,0.35888639092445374,2.624356746673584,0.8000175952911377
1767593599463,1767593599.4619806,0.38131681084632874,2.213132858276367,0.42617759108543396
1767593599475,1767593599.4749422,0.598143994808197,1.6523728370666504,0.20935040712356567
1767593599475,1767593599.4749615,0.9046928286552429,1.1140432357788086,0.3289791941642761
1767593599475,1767593599.4749806,1.181334376335144,0.36636319756507874,0.3065488040447235
1767593599526,1767593599.5239422,1.181334376335144,-0.08972159773111343,0.2467343956232071
1767593599526,1767593599.5239615,1.263579249382019,-0.04486079886555672,0.12710559368133545
1767593599526,1767593599.5239806,1.241148829460144,0.2691648006439209,0.014953600242733955
1767593599566,1767593599.5649424,1.256102442741394,0.9495536088943481,-0.11215200275182724
1767593599566,1767593599.5649617,1.0168447494506836,1.6149888038635254,-0.06729120016098022
1767593599566,1767593599.5649807,0.598143994808197,1.9514447450637817,0.05233760178089142
1767593599601,1767593599.5989423,0.3289791941642761,2.213132858276367,0.590667188167572
1767593599601,1767593599.5989616,0.18692000210285187,2.631833553314209,1.1215200424194336
1767593599601,1767593599.5989807,-0.08224479854106903,3.162686347961426,1.3383471965789795
1767593599718,1767593599.7169423,-0.4560847878456116,3.312222480773926,1.166380763053894
1767593599718,1767593599.7169616,-0.613097608089447,2.676694393157959,0.8598319888114929
1767593599718,1767593599.7169807,-0.7551568150520325,1.7196639776229858,0.5458064079284668
1767593599731,1767593599.7289424,-0.605620801448822,1.0392751693725586,0.2317807972431183
1767593599731,1767593599.7289617,-0.41122400760650635,1.0168447494506836,-0.2392576038837433
1767593599731,1767593599.7289808,-0.10467520356178284,1.435545563697815,-0.8299248218536377
1767593599822,1767593599.8199422,0.06729120016098022,1.7869552373886108,-1.218718409538269
1767593599822,1767593599.8199615,0.06729120016098022,1.8243391513824463,-1.3981616497039795
1767593599823,1767593599.8199806,-0.014953600242733955,1.7869552373886108,-1.263579249382019
1767593599858,1767593599.8499422,-0.10467520356178284,1.8467695713043213,-0.9046928286552429
1767593599858,1767593599.8499615,-0.14205920696258545,1.8467695713043213,-0.2915951907634735
1767593599858,1767593599.8499806,-0.02243039943277836,1.9290144443511963,0.2691648006439209
1767593599882,1767593599.8819423,0.11215200275182724,1.9963055849075317,0.583190381526947
1767593599882,1767593599.8819616,0.06729120016098022,1.9140608310699463,0.7925407886505127
1767593599882,1767593599.8819807,0.07476799935102463,1.6299424171447754,0.7551568150520325
1767593599946,1767593599.9439423,-0.02243039943277836,1.211241602897644,0.6803888082504272
1767593599946,1767593599.9439616,-0.11962880194187164,0.6579583883285522,0.5458064079284668
1767593599946,1767593599.9439807,-0.35888639092445374,0.2317807972431183,0.628051221370697
1767593600031,1767593600.0299423,-0.41870081424713135,-0.05981440097093582,0.4560847878456116
1767593600031,1767593600.0299616,-0.38131681084632874,-0.21682719886302948,0.36636319756507874
1767593600031,1767593600.0299807,-0.5532832145690918,-0.3065488040447235,0.44113120436668396
1767593600066,1767593600.0589423,-0.7177727818489075,-0.40374720096588135,0.2841184139251709
1767593600066,1767593600.0589616,-0.8000175952911377,-0.19439679384231567,0.014953600242733955
1767593600066,1767593600.0589807,-0.8224480152130127,0.37384000420570374,-0.2392576038837433
1767593600121,1767593600.1199422,-0.7327263951301575,0.8972160220146179,-0.44113120436668396
1767593600121,1767593600.1199615,-0.613097608089447,1.248625636100769,-0.5158991813659668
1767593600121,1767593600.1199806,-0.7476800084114075,1.53274405002594,-0.3439328074455261
1767593600182,1767593600.1799424,-0.613097608089447,1.510313630104065,-0.15701280534267426
1767593600182,1767593600.1799617,-0.5308527946472168,1.480406403541565,0.13458240032196045
1767593600182,1767593600.1799808,-0.635528028011322,1.3458240032196045,0.38131681084632874
1767593600233,1767593600.2289424,-0.7028192281723022,1.3084399700164795,0.5158991813659668
1767593600233,1767593600.2289617,-0.7626336216926575,1.3159167766571045,0.6654351949691772
1767593600233,1767593600.2289808,-0.7850639820098877,1.450499176979065,0.7626336216926575
1767593600322,1767593600.3149424,-0.4934687912464142,1.5776047706604004,0.605620801448822
1767593600322,1767593600.3149617,-0.2691648006439209,1.7047103643417358,0.4560847878456116
1767593600322,1767593600.3149807,-0.09719839692115784,1.6299424171447754,0.2915951907634735
1767593600346,1767593600.3449423,-0.08224479854106903,1.5626511573791504,-0.05981440097093582
1767593600346,1767593600.3449616,-0.09719839692115784,1.7047103643417358,-0.2766416072845459
1767593600346,1767593600.3449807,-0.037383999675512314,1.9963055849075317,-0.5084223747253418
1767593600408,1767593600.4059422,0.05233760178089142,2.317807912826538,-0.4785152077674866
1767593600408,1767593600.4059615,0.18692000210285187,2.684171199798584,-0.21682719886302948
1767593600408,1767593600.4059806,0.21682719886302948,3.00567364692688,0.05233760178089142
1767593600557,1767593600.5539422,0.14205920696258545,3.140255928039551,0.4859920144081116
1767593600557,1767593600.5539615,-0.05981440097093582,3.147732734680176,0.8224480152130127
1767593600557,1767593600.5539806,-0.20935040712356567,3.05053448677063,1.0916128158569336
1767593600567,1767593600.5609424,-0.3215023875236511,2.938382387161255,1.0542287826538086
1767593600567,1767593600.5609617,-0.4635615944862366,2.601926326751709,0.8972160220146179
1767593600567,1767593600.5609808,-0.4560847878456116,2.355191946029663,0.6803888082504272
1767593600589,1767593600.5869422,-0.22430400550365448,1.9813519716262817,0.4859920144081116
1767593600589,1767593600.5869615,-0.11215200275182724,1.7869552373886108,0.16448959708213806
1767593600589,1767593600.5869806,-0.07476799935102463,1.6224656105041504,-0.12710559368133545
1767593600630,1767593600.6289423,-0.09719839692115784,1.4056384563446045,-0.2616879940032959
1767593600631,1767593600.6289616,-0.20187360048294067,1.3607776165008545,-0.2990719974040985
1767593600631,1767593600.6289806,-0.21682719886302948,1.41311514377594,-0.19439679384231567
1767593600696,1767593600.6939423,-0.3289791941642761,1.510313630104065,0.014953600242733955
1767593600696,1767593600.6939616,-0.4785152077674866,1.47292959690094,0.16448959708213806
1767593600696,1767593600.6939807,-0.5607600212097168,1.44302237033844,0.2915951907634735
1767593600784,1767593600.7809422,-0.5233759880065918,1.3906848430633545,0.37384000420570374
1767593600785,1767593600.7809615,-0.41122400760650635,1.3682544231414795,0.5158991813659668
1767593600786,1767593600.7809806,-0.43365439772605896,1.5551743507385254,0.605620801448822
1767593600827,1767593600.8249424,-0.42617759108543396,1.5925583839416504,0.575713574886322
1767593600827,1767593600.8249617,-0.4859920144081116,1.53274405002594,0.44113120436668396
1767593600827,1767593600.8249807,-0.5383296012878418,1.48788321018219,0.41870081424713135
1767593600856,1767593600.8549423,-0.620574414730072,1.53274405002594,0.3215023875236511
1767593600856,1767593600.8549616,-0.6579583883285522,1.48788321018219,0.17196640372276306
1767593600856,1767593600.8549807,-0.7028192281723022,1.3832080364227295,0.16448959708213806
1767593600946,1767593600.9449422,-0.8000175952911377,1.3009631633758545,0.14953599870204926
1767593600946,1767593600.9449615,-0.7850639820098877,1.256102442741394,0.15701280534267426
1767593600946,1767593600.9449806,-0.7402032017707825,1.450499176979065,0.02243039943277836
1767593600983,1767593600.9789424,-0.6878656148910522,1.8019088506698608,0.014953600242733955
1767593600983,1767593600.9789617,-0.44860801100730896,2.108457565307617,0.0
1767593600983,1767593600.9789808,-0.3514096140861511,2.205656051635742,0.11215200275182724
1767593601062,1767593601.0509424,-0.3065488040447235,2.026212692260742,0.2766416072845459
1767593601063,1767593601.0509617,-0.2766416072845459,1.8243391513824463,0.40374720096588135
1767593601063,1767593601.0509808,-0.35888639092445374,1.6748032569885254,0.4710384011268616
1767593601089,1767593601.0819423,-0.41122400760650635,1.44302237033844,0.5458064079284668
1767593601089,1767593601.0819616,-0.4710384011268616,1.3981616497039795,0.5682368278503418
1767593601089,1767593601.0819807,-0.37384000420570374,1.3458240032196045,0.590667188167572
1767593601141,1767593601.1389422,-0.36636319756507874,1.2860095500946045,0.5458064079284668
1767593601141,1767593601.1389616,-0.20935040712356567,1.3233935832977295,0.575713574886322
1767593601141,1767593601.1389806,-0.19439679384231567,1.465452790260315,0.605620801448822
1767593601276,1767593601.2739422,-0.2766416072845459,1.3009631633758545,0.628051221370697
1767593601276,1767593601.2739615,-0.43365439772605896,1.0691823959350586,0.5233759880065918
1767593601276,1767593601.2739806,-0.39627039432525635,1.0990896224975586,0.44860801100730896
1767593601283,1767593601.2809422,-0.36636319756507874,1.3159167766571045,0.4859920144081116
1767593601283,1767593601.2809615,-0.3514096140861511,1.6224656105041504,0.44860801100730896
1767593601283,1767593601.2809806,-0.2542111873626709,1.9140608310699463,0.43365439772605896
1767593601337,1767593601.3359423,-0.08224479854106903,2.056119918823242,0.41870081424713135
1767593601337,1767593601.3359616,-0.13458240032196045,2.153318405151367,0.38879358768463135
1767593601337,1767593601.3359807,-0.2990719974040985,2.168272018432617,0.4785152077674866
1767593601382,1767593601.3799424,-0.36636319756507874,2.100980758666992,0.5084223747253418
1767593601382,1767593601.3799617,-0.38879358768463135,1.8542463779449463,0.5458064079284668
1767593601382,1767593601.3799808,-0.40374720096588135,1.5776047706604004,0.41870081424713135
1767593601428,1767593601.4249423,-0.4635615944862366,1.3757312297821045,0.2317807972431183
1767593601429,1767593601.4249616,-0.40374720096588135,1.3308703899383545,0.08972159773111343
1767593601429,1767593601.4249806,-0.2766416072845459,1.3533008098602295,0.07476799935102463
1767593601493,1767593601.4909422,-0.2915951907634735,1.3682544231414795,0.13458240032196045
1767593601493,1767593601.4909616,-0.3289791941642761,1.435545563697815,0.17944319546222687
1767593601493,1767593601.4909806,-0.37384000420570374,1.42806875705719,0.2542111873626709
1767593601554,1767593601.5489423,-0.35888639092445374,1.480406403541565,0.43365439772605896
1767593601554,1767593601.5489616,-0.5458064079284668,1.540220856666565,0.5009456276893616
1767593601554,1767593601.5489807,-0.5607600212097168,1.5850815773010254,0.39627039432525635
1767593601667,1767593601.6649423,-0.613097608089447,1.6374192237854004,0.3140256106853485
1767593601667,1767593601.6649616,-0.5233759880065918,1.540220856666565,0.2392576038837433
1767593601667,1767593601.6649806,-0.5084223747253418,1.4056384563446045,0.18692000210285187
1767593601674,1767593601.6719422,-0.5682368278503418,1.4056384563446045,0.14205920696258545
1767593601674,1767593601.6719615,-0.5532832145690918,1.45797598361969,0.11962880194187164
1767593601674,1767593601.6719806,-0.5308527946472168,1.45797598361969,0.10467520356178284
1767593601729,1767593601.7289424,-0.42617759108543396,1.5850815773010254,0.12710559368133545
1767593601729,1767593601.7289617,-0.38879358768463135,1.6598496437072754,0.17944319546222687
1767593601729,1767593601.7289808,-0.41870081424713135,1.6598496437072754,0.22430400550365448
1767593601786,1767593601.7849424,-0.42617759108543396,1.44302237033844,0.17196640372276306
1767593601786,1767593601.7849617,-0.4934687912464142,1.465452790260315,0.16448959708213806
1767593601786,1767593601.7849808,-0.4785152077674866,1.51779043674469,0.17944319546222687
1767593601835,1767593601.8299422,-0.37384000420570374,1.5701279640197754,0.2691648006439209
1767593601835,1767593601.8299615,-0.41122400760650635,1.435545563697815,0.43365439772605896
1767593601835,1767593601.8299806,-0.44860801100730896,1.3084399700164795,0.4560847878456116
1767593601910,1767593601.9059422,-0.44113120436668396,1.6299424171447754,0.4560847878456116
1767593601910,1767593601.9059615,-0.44860801100730896,2.071073532104492,0.41122400760650635
1767593601910,1767593601.9059806,-0.35888639092445374,2.317807912826538,0.36636319756507874
1767593601953,1767593601.9499424,-0.38131681084632874,2.377622365951538,0.3140256106853485
1767593601953,1767593601.9499617,-0.41122400760650635,2.235563278198242,0.3289791941642761
1767593601953,1767593601.9499807,-0.3289791941642761,1.9813519716262817,0.2542111873626709
1767593602191,1767593602.1889422,-0.37384000420570374,1.7794784307479858,0.21682719886302948
1767593602191,1767593602.1889615,-0.42617759108543396,1.480406403541565,0.2990719974040985
1767593602191,1767593602.1889806,-0.44860801100730896,1.3383471965789795,0.37384000420570374
1767593602301,1767593602.2949424,-0.41122400760650635,1.263579249382019,0.2616879940032959
1767593602302,1767593602.2949617,-0.3215023875236511,1.196287989616394,0.3514096140861511
1767593602302,1767593602.2949808,-0.3514096140861511,1.3607776165008545,0.36636319756507874
1767593602460,1767593602.4599423,-0.41870081424713135,1.6374192237854004,0.3439328074455261
1767593602460,1767593602.4599617,-0.36636319756507874,1.6523728370666504,0.2766416072845459
1767593602460,1767593602.4599807,-0.44113120436668396,1.6000351905822754,0.2691648006439209
1767593602580,1767593602.5789423,-0.42617759108543396,1.5551743507385254,0.21682719886302948
1767593602580,1767593602.5789616,-0.2990719974040985,1.6075119972229004,0.3140256106853485
1767593602580,1767593602.5789807,-0.2766416072845459,1.7645248174667358,0.3140256106853485
1767593602822,1767593602.8199422,-0.37384000420570374,2.0112593173980713,0.2467343956232071
1767593602822,1767593602.8199615,-0.39627039432525635,2.250516891479492,0.22430400550365448
1767593602822,1767593602.8199806,-0.44113120436668396,2.332761526107788,0.19439679384231567
1767593602972,1767593602.9699423,-0.41122400760650635,2.280424118041992,0.2317807972431183
1767593602972,1767593602.9699616,-0.35888639092445374,1.9738751649856567,0.2915951907634735
1767593602972,1767593602.9699807,-0.42617759108543396,1.8542463779449463,0.2467343956232071
1767593603092,1767593603.0899422,-0.5532832145690918,1.7271407842636108,0.19439679384231567
1767593603092,1767593603.0899615,-0.590667188167572,1.6149888038635254,0.11962880194187164
1767593603092,1767593603.0899806,-0.5532832145690918,1.5850815773010254,0.007476800121366978
1767593603256,1767593603.2549424,-0.41870081424713135,1.5551743507385254,0.014953600242733955
1767593603256,1767593603.2549617,-0.2691648006439209,1.510313630104065,-0.02243039943277836
1767593603256,1767593603.2549808,-0.3065488040447235,1.525267243385315,0.05981440097093582
1767593603380,1767593603.3749423,-0.3065488040447235,1.5850815773010254,0.18692000210285187
1767593603380,1767593603.3749616,-0.38879358768463135,1.6598496437072754,0.3065488040447235
1767593603380,1767593603.3749807,-0.41870081424713135,1.7794784307479858,0.43365439772605896
1767593603960,1767593603.9599423,-0.4934687912464142,2.078550338745117,0.10467520356178284
1767593603960,1767593603.9599617,-0.5233759880065918,1.9738751649856567,-0.014953600242733955
1767593603960,1767593603.9599807,-0.42617759108543396,1.8467695713043213,-0.04486079886555672
1767593604294,1767593604.2919424,-0.4560847878456116,1.480406403541565,0.11215200275182724
1767593604294,1767593604.2919617,-0.44860801100730896,1.47292959690094,0.19439679384231567
1767593604294,1767593604.2919807,-0.4635615944862366,1.5551743507385254,0.2542111873626709
1767593604328,1767593604.3229423,-0.4710384011268616,1.6972335577011108,0.17944319546222687
1767593604328,1767593604.3229616,-0.37384000420570374,1.9888287782669067,0.15701280534267426
1767593604328,1767593604.3229806,-0.42617759108543396,2.130887985229492,0.0
1767593604328,1767593604.3259423,-0.4560847878456116,1.3682544231414795,0.2616879940032959
1767593604328,1767593604.3259616,-0.5009456276893616,1.233672022819519,0.2616879940032959
1767593604328,1767593604.3259807,-0.4934687912464142,1.173857569694519,0.4710384011268616
1767593604358,1767593604.3549423,-0.2392576038837433,1.6822799444198608,0.5084223747253418
1767593604358,1767593604.3549616,-0.2616879940032959,1.5551743507385254,0.44860801100730896
1767593604359,1767593604.3549807,-0.2841184139251709,1.5776047706604004,0.3439328074455261
1767593604427,1767593604.4249423,-0.4710384011268616,1.9140608310699463,0.5383296012878418
1767593604427,1767593604.4249616,-0.40374720096588135,1.7570480108261108,0.5158991813659668
1767593604427,1767593604.4249806,-0.4785152077674866,1.420591950416565,0.39627039432525635
1767593604461,1767593604.4559424,-0.42617759108543396,1.188811182975769,0.2990719974040985
1767593604462,1767593604.4559617,-0.35888639092445374,1.1364736557006836,0.22430400550365448
1767593604462,1767593604.4559808,-0.2691648006439209,1.0841360092163086,0.2616879940032959
1767593604462,1767593604.4609423,-0.21682719886302948,1.0916128158569336,0.2317807972431183
1767593604462,1767593604.4609616,-0.2317807972431183,1.1364736557006836,0.3514096140861511
1767593604462,1767593604.4609807,-0.2317807972431183,1.0766592025756836,0.41122400760650635
1767593604606,1767593604.6049423,-0.2990719974040985,0.9944143891334534,0.5532832145690918
1767593604606,1767593604.6049616,-0.41122400760650635,0.9046928286552429,0.6654351949691772
1767593604606,1767593604.6049807,-0.5158991813659668,0.8897392153739929,0.7252495884895325
1767593604614,1767593604.6099422,-0.4635615944862366,0.9420768022537231,0.7850639820098877
1767593604614,1767593604.6099615,-0.43365439772605896,0.9196463823318481,0.6430047750473022
1767593604614,1767593604.6099806,-0.41870081424713135,0.8897392153739929,0.4785152077674866
1767593604644,1767593604.6419423,-0.4560847878456116,0.8822624087333679,0.42617759108543396
1767593604644,1767593604.6419616,-0.5233759880065918,0.9046928286552429,0.40374720096588135
1767593604644,1767593604.6419806,-0.5084223747253418,0.8747856020927429,0.2915951907634735
1767593604702,1767593604.6959424,-0.5383296012878418,0.9196463823318481,0.2691648006439209
1767593604702,1767593604.6959617,-0.5233759880065918,0.9420768022537231,0.2616879940032959
1767593604702,1767593604.6959808,-0.4785152077674866,1.0841360092163086,0.2691648006439209
1767593604702,1767593604.7009423,-0.5383296012878418,1.226195216178894,0.2766416072845459
1767593604702,1767593604.7009616,-0.41122400760650635,1.196287989616394,0.36636319756507874
1767593604702,1767593604.7009807,-0.42617759108543396,1.1289968490600586,0.38879358768463135
1767593604760,1767593604.7549424,-0.4710384011268616,1.0766592025756836,0.40374720096588135
1767593604760,1767593604.7549617,-0.628051221370697,1.166380763053894,0.40374720096588135
1767593604760,1767593604.7549808,-0.5607600212097168,1.143950343132019,0.4635615944862366
1767593604828,1767593604.8199422,-0.4859920144081116,1.0542287826538086,0.583190381526947
1767593604828,1767593604.8199615,-0.635528028011322,0.7476800084114075,0.5383296012878418
1767593604829,1767593604.8199806,-0.6579583883285522,0.635528028011322,0.5458064079284668
1767593604878,1767593604.8769424,-0.590667188167572,0.9869375824928284,0.5009456276893616
1767593604878,1767593604.8769617,-0.5084223747253418,1.2934863567352295,0.5233759880065918
1767593604878,1767593604.8769808,-0.4934687912464142,1.5701279640197754,0.4710384011268616
1767593604957,1767593604.9519422,-0.598143994808197,1.6523728370666504,0.36636319756507874
1767593604958,1767593604.9519615,-0.6430047750473022,1.525267243385315,0.3514096140861511
1767593604958,1767593604.9519806,-0.5532832145690918,1.158903956413269,0.2616879940032959
1767593604980,1767593604.9789424,-0.575713574886322,0.8448783755302429,0.3065488040447235
1767593604980,1767593604.9789617,-0.583190381526947,0.6654351949691772,0.42617759108543396
1767593604980,1767593604.9789808,-0.5532832145690918,0.5308527946472168,0.37384000420570374
1767593605041,1767593605.0399423,-0.5682368278503418,0.4560847878456116,0.2990719974040985
1767593605041,1767593605.0399616,-0.5607600212097168,0.4785152077674866,0.40374720096588135
1767593605041,1767593605.0399806,-0.5009456276893616,0.6430047750473022,0.43365439772605896
1767593605106,1767593605.1039424,-0.4934687912464142,0.8673087954521179,0.40374720096588135
1767593605106,1767593605.1039617,-0.5084223747253418,0.6953424215316772,0.4785152077674866
1767593605106,1767593605.1039808,-0.7252495884895325,0.605620801448822,0.43365439772605896
1767593605236,1767593605.2349422,-0.7102959752082825,0.5308527946472168,0.44860801100730896
1767593605236,1767593605.2349615,-0.5308527946472168,0.6878656148910522,0.44860801100730896
1767593605236,1767593605.2349806,-0.38131681084632874,0.9944143891334534,0.42617759108543396
1767593605243,1767593605.2409422,-0.3065488040447235,1.2934863567352295,0.5532832145690918
1767593605243,1767593605.2409616,-0.2392576038837433,1.48788321018219,0.613097608089447
1767593605243,1767593605.2409806,-0.22430400550365448,1.480406403541565,0.628051221370697
1767593605328,1767593605.3249424,-0.3514096140861511,1.42806875705719,0.583190381526947
1767593605328,1767593605.3249617,-0.38879358768463135,1.48788321018219,0.39627039432525635
1767593605328,1767593605.3249807,-0.38879358768463135,1.42806875705719,0.2392576038837433
1767593605346,1767593605.3449423,-0.44113120436668396,1.3458240032196045,0.06729120016098022
1767593605347,1767593605.3449616,-0.5158991813659668,1.2785327434539795,-0.2616879940032959
1767593605347,1767593605.3449807,-0.8299248218536377,1.420591950416565,-0.5084223747253418
1767593605377,1767593605.3769424,-0.9570304155349731,2.123411178588867,-0.5532832145690918
1767593605377,1767593605.3769617,-1.0916128158569336,2.504728078842163,-0.37384000420570374
1767593605377,1767593605.3769808,-1.420591950416565,2.302854299545288,0.2616879940032959
1767593605434,1767593605.4319422,-1.8243391513824463,0.9271231889724731,1.248625636100769
1767593605434,1767593605.4319615,-1.510313630104065,-0.11215200275182724,2.504728078842163
1767593605434,1767593605.4319806,-0.9645072221755981,0.7701104283332825,3.282315254211426
1767593605524,1767593605.5219424,-0.9345999956130981,3.6187713146209717,2.676694393157959
1767593605524,1767593605.5219617,-1.480406403541565,7.222589015960693,0.3289791941642761
1767593605524,1767593605.5219808,-1.9589215517044067,10.146018028259277,-2.721555233001709
1767593605551,1767593605.5499423,-2.026212692260742,11.297444343566895,-5.345911979675293
1767593605551,1767593605.5499616,-1.6224656105041504,10.564718246459961,-6.871179103851318
1767593605551,1767593605.5499806,-1.0916128158569336,8.516075134277344,-6.960900783538818
1767593605618,1767593605.6119423,-0.4635615944862366,5.510401725769043,-6.123499393463135
1767593605618,1767593605.6119616,0.2467343956232071,2.594449520111084,-4.927211284637451
1767593605618,1767593605.6119807,0.7775871753692627,0.14205920696258545,-3.4019439220428467
1767593605702,1767593605.6999424,1.50283682346344,-1.3308703899383545,-1.6075119972229004
1767593605702,1767593605.6999617,1.6897567510604858,-1.6598496437072754,-0.08224479854106903
1767593605702,1767593605.6999807,1.8392927646636963,-1.0467519760131836,0.7701104283332825
1767593605746,1767593605.7449422,2.332761526107788,-0.2467343956232071,0.8299248218536377
1767593605746,1767593605.7449615,2.557065486907959,-0.4934687912464142,-0.15701280534267426
1767593605746,1767593605.7449806,2.773892879486084,-1.8617231845855713,-1.53274405002594
1767593605788,1767593605.7799423,2.97576642036438,-2.82623028755188,-2.968289613723755
1767593605788,1767593605.7799616,2.878567934036255,-2.893521547317505,-4.059902191162109
1767593605788,1767593605.7799807,2.594449520111084,-1.8168623447418213,-4.515987396240234
1767593605836,1767593605.8349423,2.0112593173980713,-0.10467520356178284,-4.306636810302734
1767593605836,1767593605.8349617,1.188811182975769,2.041166305541992,-3.5664336681365967
1767593605836,1767593605.8349807,0.36636319756507874,4.598231792449951,-2.527158498764038
1767593605902,1767593605.8969424,-0.37384000420570374,6.661828994750977,-0.8598319888114929
1767593605902,1767593605.8969617,-1.3458240032196045,7.080529689788818,1.256102442741394
1767593605902,1767593605.8969808,-2.302854299545288,6.093592166900635,3.072964906692505
1767593605964,1767593605.9579422,-3.289792060852051,5.024409770965576,4.321590423583984
1767593605964,1767593605.9579616,-4.157100677490234,4.732814311981201,4.740291118621826
1767593605964,1767593605.9579806,-4.919734477996826,4.672999858856201,4.149623870849609
1767593606078,1767593606.0749424,-5.525355339050293,4.553371429443359,3.043057680130005
1767593606078,1767593606.0749617,-6.108545780181885,3.9253199100494385,1.3009631633758545
1767593606078,1767593606.0749807,-6.362756729125977,2.87109112739563,-0.8000175952911377
1767593606101,1767593606.0949423,-6.033777713775635,1.9215376377105713,-2.459867238998413
1767593606102,1767593606.0949616,-5.181422233581543,1.3757312297821045,-3.4318511486053467
1767593606102,1767593606.0949807,-4.216915130615234,1.45797598361969,-3.5664336681365967
1767593606181,1767593606.1799424,-3.200070381164551,1.8019088506698608,-3.110348701477051
1767593606181,1767593606.1799617,-2.250516891479492,2.557065486907959,-2.123411178588867
1767593606181,1767593606.1799808,-1.7420943975448608,3.5664336681365967,-0.6803888082504272
1767593606186,1767593606.1849422,-1.2785327434539795,4.172054290771484,1.256102442741394
1767593606189,1767593606.1849616,-0.8074944019317627,4.037471771240234,2.796323299407959
1767593606189,1767593606.1849806,-0.5383296012878418,3.117825508117676,3.6711087226867676
1767593606257,1767593606.2549424,-0.05233760178089142,1.8691999912261963,3.7383999824523926
1767593606257,1767593606.2549617,0.44860801100730896,0.8074944019317627,2.94585919380188
1767593606257,1767593606.2549808,0.9944143891334534,-0.05233760178089142,1.8168623447418213
1767593606300,1767593606.2999423,1.3981616497039795,-0.7626336216926575,0.4560847878456116
1767593606300,1767593606.2999616,1.8093856573104858,-0.9046928286552429,-0.5233759880065918
1767593606300,1767593606.2999806,2.407529592514038,-0.35888639092445374,-0.9869375824928284
1767593606349,1767593606.3479424,2.803800106048584,0.8523551821708679,-0.6878656148910522
1767593606349,1767593606.3479617,2.833707094192505,1.8841536045074463,0.2766416072845459
1767593606349,1767593606.3479807,2.594449520111084,2.729032039642334,1.5925583839416504
1767593606439,1767593606.4379423,2.168272018432617,3.342129707336426,2.82623028755188
1767593606439,1767593606.4379616,1.6598496437072754,3.9028894901275635,3.6412014961242676
1767593606439,1767593606.4379807,1.0317983627319336,4.254299163818359,3.8056912422180176
1767593606470,1767593606.4669423,0.44113120436668396,4.187007904052734,3.5140960216522217
1767593606470,1767593606.4669616,-0.10467520356178284,3.6785855293273926,2.94585919380188
1767593606470,1767593606.4669807,-0.41122400760650635,3.095395088195801,1.9888287782669067
1767593606572,1767593606.5699422,-0.9495536088943481,2.624356746673584,0.9271231889724731
1767593606572,1767593606.5699615,-1.3159167766571045,2.452390432357788,-0.20187360048294067
1767593606572,1767593606.5699806,-1.525267243385315,2.572019100189209,-0.8897392153739929
1767593606579,1767593606.5749424,-1.48788321018219,2.848660707473755,-0.8747856020927429
1767593606579,1767593606.5749617,-1.3084399700164795,2.97576642036438,-0.20187360048294067
1767593606579,1767593606.5749807,-1.151427149772644,3.03558087348938,0.7028192281723022
1767593606693,1767593606.6899424,-1.3009631633758545,2.878567934036255,1.5551743507385254
1767593606693,1767593606.6899617,-1.44302237033844,2.639310359954834,2.026212692260742
1767593606693,1767593606.6899807,-1.6748032569885254,2.452390432357788,2.250516891479492
1767593606701,1767593606.6969423,-1.6299424171447754,2.063596725463867,2.325284719467163
1767593606701,1767593606.6969616,-1.44302237033844,1.5850815773010254,2.183225631713867
1767593606701,1767593606.6969807,-1.256102442741394,1.0093679428100586,1.6374192237854004
1767593606826,1767593606.8249424,-1.0392751693725586,0.598143994808197,1.151427149772644
1767593606826,1767593606.8249617,-0.8299248218536377,0.4934687912464142,0.43365439772605896
1767593606826,1767593606.8249807,-0.5682368278503418,0.8747856020927429,-0.2392576038837433
1767593606833,1767593606.8309424,-0.5084223747253418,1.47292959690094,-0.8074944019317627
1767593606833,1767593606.8309617,-0.4635615944862366,2.183225631713867,-1.218718409538269
1767593606833,1767593606.8309808,-0.2766416072845459,2.743985652923584,-1.3009631633758545
1767593606906,1767593606.9019423,-0.12710559368133545,3.013150453567505,-1.151427149772644
1767593606906,1767593606.9019616,0.06729120016098022,3.4542815685272217,-0.6729120016098022
1767593606906,1767593606.9019806,0.17196640372276306,4.044948577880859,-0.16448959708213806
1767593606933,1767593606.9329424,0.05981440097093582,4.568324565887451,0.4785152077674866
1767593606933,1767593606.9329617,-0.05233760178089142,4.770198345184326,1.158903956413269
1767593606933,1767593606.9329808,-0.08224479854106903,4.583278179168701,1.7271407842636108
1767593606999,1767593606.9949422,-0.20187360048294067,4.187007904052734,1.9589215517044067
1767593606999,1767593606.9949615,-0.17944319546222687,3.9402735233306885,1.9140608310699463
1767593606999,1767593606.9949806,-0.04486079886555672,3.7010159492492676,1.8392927646636963
1767593607058,1767593607.0499423,-0.11215200275182724,3.8281216621398926,1.525267243385315
1767593607058,1767593607.0499616,0.2766416072845459,4.695430278778076,1.4056384563446045
1767593607058,1767593607.0499806,1.3832080364227295,7.035668849945068,2.616879940032959
1767593607129,1767593607.1249423,2.893521547317505,11.39464282989502,5.046840190887451
1767593607129,1767593607.1249616,4.785151958465576,18.81910514831543,10.041342735290527
1767593607129,1767593607.1249807,5.562739372253418,29.32400894165039,16.882614135742188
1767593607241,1767593607.2339423,4.456172943115234,41.18968963623047,24.64353370666504
1767593607241,1767593607.2339616,2.564542293548584,51.21607971191406,31.821260452270508
1767593607241,1767593607.2339807,0.5532832145690918,59.44055938720703,38.707393646240234
1767593607260,1767593607.2599423,-1.2785327434539795,65.82574462890625,44.97295379638672
1767593607260,1767593607.2599616,-3.237454414367676,69.49685668945312,48.0982551574707
1767593607260,1767593607.2599807,-4.747767925262451,70.34921264648438,47.4702033996582
1767593607271,1767593607.2659423,-5.293574333190918,68.42767333984375,43.529930114746094
1767593607271,1767593607.2659616,-4.777675151824951,64.63693237304688,37.974666595458984
1767593607271,1767593607.2659807,-3.8804593086242676,58.924659729003906,32.696044921875
1767593607323,1767593607.3199422,-3.312222480773926,51.88151550292969,27.62677574157715
1767593607323,1767593607.3199615,-2.84118390083313,44.58415985107422,22.572458267211914
1767593607323,1767593607.3199806,-2.833707094192505,37.735408782958984,17.346176147460938
1767593607384,1767593607.3799424,-3.147732734680176,32.04556655883789,12.583454132080078
1767593607384,1767593607.3799617,-3.6038177013397217,27.6118221282959,8.516075134277344
1767593607384,1767593607.3799808,-3.5813872814178467,24.53885841369629,5.487971305847168
1767593607457,1767593607.4469423,-3.5440032482147217,22.146282196044922,3.6412014961242676
1767593607457,1767593607.4469616,-3.043057680130005,19.813520431518555,2.422483205795288
1767593607457,1767593607.4469807,-2.601926326751709,17.002243041992188,1.4056384563446045
1767593607523,1767593607.5169423,-1.9215376377105713,13.562914848327637,0.06729120016098022
1767593607523,1767593607.5169616,-0.9196463823318481,10.168448448181152,-1.5476975440979004
1767593607523,1767593607.5169806,0.2766416072845459,6.609491348266602,-3.5888640880584717
1767593607548,1767593607.5469422,1.465452790260315,1.9589215517044067,-5.84685754776001
1767593607548,1767593607.5469615,2.714078426361084,-5.383296012878418,-8.553459167480469
1767593607548,1767593607.5469806,4.216915130615234,-14.228350639343262,-11.065664291381836
1767593607607,1767593607.6049423,5.600123405456543,-22.123851776123047,-13.308704376220703
1767593607607,1767593607.6049616,6.736596584320068,-27.380041122436523,-15.230241775512695
1767593607607,1767593607.6049807,7.372124671936035,-29.780094146728516,-16.733078002929688
1767593607718,1767593607.7099423,7.25997257232666,-29.50345230102539,-18.273298263549805
