unix_ms,lsl_unix_ts,PPG1,PPG2,PPG3
1767593587041,1767593586.9959064,442.0,140100.0,57726.0
1767593587041,1767593586.9959219,443.0,140056.0,57736.0
1767593587041,1767593586.9959376,442.0,140115.0,57772.0
1767593587041,1767593586.995953,444.0,140081.0,57761.0
1767593587041,1767593586.9959688,442.0,140056.0,57786.0
1767593587041,1767593586.9959843,442.0,140033.0,57807.0
1767593587276,1767593587.0989063,441.0,140053.0,57801.0
1767593587276,1767593587.0989218,441.0,140063.0,57823.0
1767593587276,1767593587.0989375,443.0,140022.0,57822.0
1767593587276,1767593587.098953,442.0,140007.0,57827.0
1767593587276,1767593587.0989687,441.0,139998.0,57836.0
1767593587276,1767593587.0989842,441.0,139974.0,57825.0
1767593587276,1767593587.2039063,442.0,139969.0,57836.0
1767593587276,1767593587.2039218,440.0,139909.0,57788.0
1767593587276,1767593587.2039375,442.0,139892.0,57771.0
1767593587276,1767593587.203953,442.0,139878.0,57783.0
1767593587276,1767593587.2039688,442.0,139916.0,57772.0
1767593587276,1767593587.2039843,441.0,139899.0,57750.0
1767593587406,1767593587.2949064,442.0,139846.0,57760.0
1767593587407,1767593587.2949219,443.0,139856.0,57772.0
1767593587407,1767593587.2949376,441.0,139817.0,57715.0
1767593587407,1767593587.294953,442.0,139763.0,57749.0
1767593587407,1767593587.2949688,442.0,139741.0,57699.0
1767593587408,1767593587.2949843,441.0,139748.0,57694.0
1767593587438,1767593587.3989062,441.0,139729.0,57690.0
1767593587439,1767593587.3989217,442.0,139727.0,57681.0
1767593587439,1767593587.3989375,443.0,139692.0,57692.0
1767593587439,1767593587.398953,442.0,139719.0,57643.0
1767593587439,1767593587.3989687,443.0,139681.0,57651.0
1767593587439,1767593587.3989842,442.0,139676.0,57644.0
1767593587477,1767593587.4749062,442.0,139662.0,57644.0
1767593587477,1767593587.4749217,443.0,139652.0,57659.0
1767593587477,1767593587.4749374,443.0,139738.0,57669.0
1767593587477,1767593587.474953,443.0,139685.0,57657.0
1767593587477,1767593587.4749687,444.0,139663.0,57673.0
1767593587477,1767593587.4749842,443.0,139713.0,57693.0
1767593587582,1767593587.5639062,443.0,139726.0,57708.0
1767593587582,1767593587.5639217,442.0,139736.0,57711.0
1767593587582,1767593587.5639374,443.0,139688.0,57698.0
1767593587582,1767593587.563953,441.0,139687.0,57694.0
1767593587582,1767593587.5639687,442.0,139727.0,57727.0
1767593587582,1767593587.5639842,442.0,139749.0,57753.0
1767593587688,1767593587.6839063,443.0,139756.0,57764.0
1767593587688,1767593587.6839218,441.0,139772.0,57752.0
1767593587688,1767593587.6839375,441.0,139757.0,57742.0
1767593587688,1767593587.683953,443.0,139770.0,57738.0
1767593587688,1767593587.6839688,442.0,139749.0,57734.0
1767593587688,1767593587.6839843,444.0,139717.0,57700.0
1767593587779,1767593587.7439063,442.0,139731.0,57696.0
1767593587779,1767593587.7439218,443.0,139748.0,57707.0
1767593587779,1767593587.7439375,444.0,139777.0,57722.0
1767593587779,1767593587.743953,442.0,139724.0,57702.0
1767593587779,1767593587.7439687,442.0,139786.0,57704.0
1767593587779,1767593587.7439842,443.0,139703.0,57700.0
1767593587887,1767593587.8699062,443.0,139738.0,57712.0
1767593587887,1767593587.8699217,443.0,139704.0,57676.0
1767593587887,1767593587.8699374,443.0,139673.0,57680.0
1767593587887,1767593587.869953,444.0,139717.0,57717.0
1767593587887,1767593587.8699687,443.0,139738.0,57728.0
1767593587887,1767593587.8699841,443.0,139706.0,57726.0
1767593587955,1767593587.9249063,443.0,139647.0,57750.0
1767593587955,1767593587.9249218,443.0,139669.0,57739.0
1767593587955,1767593587.9249375,443.0,139616.0,57747.0
1767593587955,1767593587.924953,443.0,139639.0,57752.0
1767593587955,1767593587.9249687,443.0,139606.0,57751.0
1767593587955,1767593587.9249842,442.0,139614.0,57730.0
1767593588067,1767593588.0589063,442.0,139569.0,57738.0
1767593588067,1767593588.0589218,442.0,139580.0,57706.0
1767593588067,1767593588.0589375,441.0,139512.0,57689.0
1767593588067,1767593588.058953,442.0,139533.0,57691.0
1767593588067,1767593588.0589688,441.0,139540.0,57654.0
1767593588067,1767593588.0589843,442.0,139517.0,57664.0
1767593588129,1767593588.1189063,440.0,139440.0,57642.0
1767593588129,1767593588.1189218,442.0,139517.0,57648.0
1767593588129,1767593588.1189375,441.0,139407.0,57632.0
1767593588129,1767593588.118953,441.0,139454.0,57633.0
1767593588129,1767593588.1189687,441.0,139400.0,57644.0
1767593588129,1767593588.1189842,442.0,139427.0,57652.0
1767593588220,1767593588.2099063,441.0,139464.0,57648.0
1767593588220,1767593588.2099218,441.0,139483.0,57685.0
1767593588220,1767593588.2099376,441.0,139469.0,57697.0
1767593588220,1767593588.209953,442.0,139473.0,57736.0
1767593588220,1767593588.2099688,442.0,139591.0,57778.0
1767593588220,1767593588.2099843,442.0,139567.0,57767.0
1767593588332,1767593588.3139062,440.0,139602.0,57807.0
1767593588332,1767593588.3139217,441.0,139642.0,57797.0
1767593588332,1767593588.3139374,441.0,139618.0,57837.0
1767593588332,1767593588.313953,441.0,139569.0,57852.0
1767593588332,1767593588.3139687,443.0,139592.0,57845.0
1767593588332,1767593588.3139842,443.0,139578.0,57834.0
1767593588410,1767593588.4069064,441.0,139571.0,57823.0
1767593588411,1767593588.4069219,442.0,139539.0,57808.0
1767593588411,1767593588.4069376,442.0,139548.0,57799.0
1767593588411,1767593588.406953,441.0,139508.0,57762.0
1767593588411,1767593588.4069688,443.0,139576.0,57795.0
1767593588411,1767593588.4069843,442.0,139531.0,57752.0
1767593588502,1767593588.4939063,442.0,139498.0,57772.0
1767593588502,1767593588.4939218,441.0,139530.0,57732.0
1767593588502,1767593588.4939375,443.0,139501.0,57696.0
1767593588502,1767593588.493953,440.0,139453.0,57658.0
1767593588502,1767593588.4939687,442.0,139431.0,57659.0
1767593588502,1767593588.4939842,441.0,139465.0,57645.0
1767593588616,1767593588.5989063,441.0,139437.0,57662.0
1767593588616,1767593588.5989218,442.0,139523.0,57652.0
1767593588616,1767593588.5989375,440.0,139523.0,57689.0
1767593588616,1767593588.598953,442.0,139541.0,57732.0
1767593588616,1767593588.5989687,440.0,139616.0,57790.0
1767593588616,1767593588.5989842,441.0,139698.0,57863.0
1767593588710,1767593588.6749063,441.0,139705.0,57918.0
1767593588710,1767593588.6749218,442.0,139747.0,57944.0
1767593588710,1767593588.6749375,443.0,139697.0,57951.0
1767593588710,1767593588.674953,441.0,139733.0,57954.0
1767593588710,1767593588.6749687,442.0,139709.0,57962.0
1767593588710,1767593588.6749842,442.0,139699.0,57932.0
1767593588802,1767593588.7959063,441.0,139692.0,57906.0
1767593588802,1767593588.7959218,440.0,139608.0,57888.0
1767593588802,1767593588.7959375,443.0,139527.0,57860.0
1767593588802,1767593588.795953,441.0,139497.0,57822.0
1767593588802,1767593588.7959688,442.0,139423.0,57754.0
1767593588802,1767593588.7959843,443.0,139344.0,57721.0
1767593588918,1767593588.8689063,440.0,139351.0,57702.0
1767593588918,1767593588.8689218,441.0,139299.0,57676.0
1767593588918,1767593588.8689375,442.0,139273.0,57648.0
1767593588929,1767593588.868953,442.0,139266.0,57666.0
1767593588929,1767593588.8689687,442.0,139252.0,57646.0
1767593588934,1767593588.8689842,442.0,139283.0,57680.0
1767593588980,1767593588.9739063,442.0,139271.0,57688.0
1767593588980,1767593588.9739218,441.0,139311.0,57734.0
1767593588980,1767593588.9739375,443.0,139304.0,57778.0
1767593588980,1767593588.973953,441.0,139341.0,57836.0
1767593588983,1767593588.9739687,442.0,139357.0,57893.0
1767593588983,1767593588.9739842,442.0,139421.0,57962.0
1767593589054,1767593589.0519063,440.0,139452.0,57949.0
1767593589054,1767593589.0519218,441.0,139441.0,57941.0
1767593589054,1767593589.0519376,443.0,139354.0,57916.0
1767593589054,1767593589.051953,442.0,139384.0,57898.0
1767593589054,1767593589.0519688,441.0,139348.0,57870.0
1767593589054,1767593589.0519843,442.0,139345.0,57837.0
1767593589188,1767593589.1849062,443.0,139345.0,57825.0
1767593589188,1767593589.1849217,442.0,139295.0,57810.0
1767593589188,1767593589.1849375,443.0,139301.0,57799.0
1767593589188,1767593589.184953,441.0,139296.0,57805.0
1767593589188,1767593589.1849687,441.0,139381.0,57786.0
1767593589188,1767593589.1849842,443.0,139353.0,57805.0
1767593589248,1767593589.2449062,442.0,139286.0,57784.0
1767593589248,1767593589.2449217,441.0,139340.0,57810.0
1767593589248,1767593589.2449374,442.0,139362.0,57821.0
1767593589248,1767593589.244953,441.0,139363.0,57839.0
1767593589248,1767593589.2449687,442.0,139409.0,57848.0
1767593589248,1767593589.2449841,441.0,139460.0,57889.0
1767593589356,1767593589.3499062,441.0,139525.0,57975.0
1767593589356,1767593589.3499217,442.0,139544.0,57979.0
1767593589356,1767593589.3499374,441.0,139593.0,57991.0
1767593589357,1767593589.349953,441.0,139622.0,58043.0
1767593589358,1767593589.3499687,442.0,139650.0,58042.0
1767593589358,1767593589.3499842,442.0,139602.0,58031.0
1767593589443,1767593589.4399064,441.0,139652.0,58029.0
1767593589443,1767593589.4399219,442.0,139637.0,58032.0
1767593589443,1767593589.4399376,442.0,139653.0,58007.0
1767593589443,1767593589.439953,442.0,139595.0,57973.0
1767593589443,1767593589.4399688,442.0,139577.0,57940.0
1767593589443,1767593589.4399843,441.0,139526.0,57908.0
1767593589539,1767593589.5309062,442.0,139435.0,57875.0
1767593589539,1767593589.5309217,443.0,139363.0,57818.0
1767593589540,1767593589.5309374,442.0,139425.0,57820.0
1767593589540,1767593589.530953,441.0,139351.0,57810.0
1767593589540,1767593589.5309687,442.0,139322.0,57809.0
1767593589540,1767593589.5309842,441.0,139356.0,57824.0
1767593589639,1767593589.6189063,441.0,139333.0,57781.0
1767593589643,1767593589.6189218,440.0,139357.0,57787.0
1767593589643,1767593589.6189375,441.0,139344.0,57774.0
1767593589643,1767593589.618953,443.0,139338.0,57800.0
1767593589643,1767593589.6189687,442.0,139348.0,57806.0
1767593589643,1767593589.6189842,441.0,139328.0,57818.0
1767593589726,1767593589.7089064,442.0,139389.0,57912.0
1767593589726,1767593589.708922,440.0,139438.0,57969.0
1767593589726,1767593589.7089376,442.0,139490.0,57997.0
1767593589726,1767593589.7089531,441.0,139497.0,58005.0
1767593589726,1767593589.7089689,442.0,139509.0,58000.0
1767593589726,1767593589.7089844,442.0,139544.0,57993.0
1767593589868,1767593589.7989063,442.0,139492.0,57958.0
1767593589868,1767593589.7989218,443.0,139431.0,57929.0
1767593589868,1767593589.7989376,442.0,139420.0,57941.0
1767593589868,1767593589.798953,444.0,139462.0,57899.0
1767593589868,1767593589.7989688,441.0,139433.0,57893.0
1767593589868,1767593589.7989843,442.0,139447.0,57881.0
1767593589953,1767593589.9499063,443.0,139441.0,57890.0
1767593589953,1767593589.9499218,442.0,139425.0,57881.0
1767593589953,1767593589.9499376,442.0,139431.0,57856.0
1767593589953,1767593589.949953,441.0,139456.0,57869.0
1767593589953,1767593589.9499688,441.0,139426.0,57883.0
1767593589953,1767593589.9499843,441.0,139480.0,57903.0
1767593590011,1767593589.9939063,442.0,139466.0,57909.0
1767593590011,1767593589.9939218,441.0,139487.0,57931.0
1767593590011,1767593589.9939375,442.0,139509.0,57963.0
1767593590011,1767593589.993953,441.0,139540.0,57992.0
1767593590011,1767593589.9939687,442.0,139606.0,58019.0
1767593590011,1767593589.9939842,441.0,139641.0,58052.0
1767593590121,1767593590.0839064,441.0,139643.0,58074.0
1767593590122,1767593590.083922,440.0,139665.0,58073.0
1767593590122,1767593590.0839376,441.0,139668.0,58063.0
1767593590122,1767593590.0839531,442.0,139667.0,58057.0
1767593590122,1767593590.0839689,441.0,139663.0,58012.0
1767593590122,1767593590.0839844,442.0,139625.0,58038.0
1767593590270,1767593590.2649064,442.0,139630.0,57995.0
1767593590274,1767593590.264922,443.0,139593.0,57995.0
1767593590274,1767593590.2649376,442.0,139622.0,57961.0
1767593590274,1767593590.2649531,442.0,139600.0,57959.0
1767593590274,1767593590.2649689,441.0,139566.0,57933.0
1767593590275,1767593590.2649844,442.0,139524.0,57916.0
1767593590306,1767593590.2979064,442.0,139529.0,57872.0
1767593590306,1767593590.297922,442.0,139496.0,57840.0
1767593590306,1767593590.2979376,442.0,139448.0,57845.0
1767593590306,1767593590.2979531,442.0,139490.0,57844.0
1767593590306,1767593590.2979689,442.0,139518.0,57861.0
1767593590306,1767593590.2979844,442.0,139498.0,57850.0
1767593590385,1767593590.3689063,441.0,139514.0,57881.0
1767593590385,1767593590.3689218,441.0,139532.0,57886.0
1767593590385,1767593590.3689375,441.0,139640.0,57952.0
1767593590385,1767593590.368953,441.0,139637.0,58054.0
1767593590385,1767593590.3689687,441.0,139702.0,58122.0
1767593590385,1767593590.3689842,442.0,139750.0,58179.0
1767593590462,1767593590.4589064,440.0,139823.0,58185.0
1767593590462,1767593590.458922,442.0,139794.0,58182.0
1767593590462,1767593590.4589376,441.0,139763.0,58160.0
1767593590462,1767593590.4589531,442.0,139743.0,58144.0
1767593590462,1767593590.4589689,441.0,139685.0,58127.0
1767593590462,1767593590.4589844,443.0,139682.0,58065.0
1767593590615,1767593590.6109064,442.0,139664.0,58074.0
1767593590615,1767593590.6109219,441.0,139657.0,58043.0
1767593590615,1767593590.6109376,442.0,139671.0,58029.0
1767593590615,1767593590.610953,442.0,139630.0,58029.0
1767593590615,1767593590.6109688,441.0,139593.0,58016.0
1767593590615,1767593590.6109843,442.0,139648.0,57994.0
1767593590675,1767593590.6429062,442.0,139625.0,57963.0
1767593590675,1767593590.6429217,441.0,139643.0,57956.0
1767593590675,1767593590.6429374,442.0,139565.0,57935.0
1767593590675,1767593590.642953,441.0,139625.0,57925.0
1767593590675,1767593590.6429687,440.0,139626.0,57945.0
1767593590675,1767593590.6429842,443.0,139644.0,57934.0
1767593590776,1767593590.7439063,441.0,139655.0,57965.0
1767593590776,1767593590.7439218,440.0,139703.0,57987.0
1767593590776,1767593590.7439375,442.0,139666.0,58004.0
1767593590776,1767593590.743953,441.0,139736.0,58008.0
1767593590776,1767593590.7439687,442.0,139693.0,58018.0
1767593590776,1767593590.7439842,442.0,139734.0,58067.0
1767593590838,1767593590.8339064,440.0,139830.0,58094.0
1767593590838,1767593590.833922,441.0,139828.0,58103.0
1767593590838,1767593590.8339376,442.0,139847.0,58102.0
1767593590838,1767593590.8339531,442.0,139852.0,58126.0
1767593590838,1767593590.8339689,443.0,139870.0,58102.0
1767593590838,1767593590.8339844,441.0,139877.0,58095.0
1767593590955,1767593590.9239063,442.0,139894.0,58117.0
1767593590955,1767593590.9239218,442.0,139875.0,58133.0
1767593590955,1767593590.9239376,442.0,139934.0,58112.0
1767593590955,1767593590.923953,443.0,139895.0,58131.0
1767593590955,1767593590.9239688,442.0,139894.0,58115.0
1767593590955,1767593590.9239843,441.0,139920.0,58114.0
1767593591067,1767593591.0629063,440.0,139969.0,58121.0
1767593591067,1767593591.0629218,441.0,139921.0,58123.0
1767593591067,1767593591.0629375,442.0,139895.0,58122.0
1767593591067,1767593591.062953,441.0,139909.0,58096.0
1767593591067,1767593591.0629687,442.0,139921.0,58082.0
1767593591067,1767593591.0629842,442.0,139981.0,58096.0
1767593591127,1767593591.1229062,441.0,139957.0,58096.0
1767593591127,1767593591.1229217,441.0,139966.0,58107.0
1767593591127,1767593591.1229374,441.0,139927.0,58072.0
1767593591127,1767593591.122953,442.0,139912.0,58085.0
1767593591133,1767593591.1229687,442.0,139929.0,58072.0
1767593591133,1767593591.1229842,441.0,139949.0,58078.0
1767593591212,1767593591.2089064,443.0,139891.0,58068.0
1767593591212,1767593591.208922,442.0,139924.0,58100.0
1767593591212,1767593591.2089376,442.0,139908.0,58066.0
1767593591212,1767593591.2089531,441.0,139910.0,58074.0
1767593591217,1767593591.2089689,442.0,139926.0,58088.0
1767593591217,1767593591.2089844,443.0,139948.0,58097.0
1767593591366,1767593591.3289063,443.0,139967.0,58076.0
1767593591366,1767593591.3289218,442.0,139936.0,58084.0
1767593591366,1767593591.3289375,443.0,139953.0,58098.0
1767593591366,1767593591.328953,442.0,139995.0,58107.0
1767593591366,1767593591.3289688,441.0,139934.0,58113.0
1767593591366,1767593591.3289843,442.0,139991.0,58121.0
1767593591427,1767593591.3939064,441.0,139946.0,58112.0
1767593591427,1767593591.3939219,441.0,139984.0,58114.0
1767593591427,1767593591.3939376,441.0,140001.0,58123.0
1767593591427,1767593591.393953,441.0,140028.0,58111.0
1767593591427,1767593591.3939688,440.0,139968.0,58137.0
1767593591427,1767593591.3939843,440.0,140023.0,58128.0
1767593591515,1767593591.4939063,441.0,140041.0,58169.0
1767593591515,1767593591.4939218,440.0,140078.0,58128.0
1767593591515,1767593591.4939375,442.0,140050.0,58138.0
1767593591515,1767593591.493953,441.0,140057.0,58137.0
1767593591515,1767593591.4939687,442.0,140067.0,58141.0
1767593591515,1767593591.4939842,442.0,140067.0,58134.0
1767593591601,1767593591.5989063,440.0,140044.0,58109.0
1767593591601,1767593591.5989218,442.0,140090.0,58113.0
1767593591601,1767593591.5989375,441.0,140124.0,58113.0
1767593591601,1767593591.598953,441.0,140074.0,58131.0
1767593591601,1767593591.5989687,441.0,140128.0,58114.0
1767593591601,1767593591.5989842,442.0,140113.0,58131.0
1767593591745,1767593591.7339063,442.0,140140.0,58140.0
1767593591745,1767593591.7339218,442.0,140137.0,58143.0
1767593591745,1767593591.7339375,442.0,140195.0,58135.0
1767593591745,1767593591.733953,442.0,140183.0,58125.0
1767593591745,1767593591.7339687,442.0,140185.0,58141.0
1767593591745,1767593591.7339842,441.0,140181.0,58148.0
1767593591795,1767593591.7789063,442.0,140209.0,58158.0
1767593591795,1767593591.7789218,441.0,140238.0,58162.0
1767593591795,1767593591.7789376,442.0,140249.0,58179.0
1767593591795,1767593591.778953,442.0,140216.0,58173.0
1767593591795,1767593591.7789688,440.0,140306.0,58165.0
1767593591795,1767593591.7789843,441.0,140274.0,58177.0
1767593591875,1767593591.8709064,441.0,140273.0,58192.0
1767593591875,1767593591.8709219,441.0,140284.0,58191.0
1767593591875,1767593591.8709376,441.0,140278.0,58185.0
1767593591875,1767593591.870953,442.0,140315.0,58184.0
1767593591875,1767593591.8709688,440.0,140292.0,58203.0
1767593591875,1767593591.8709843,442.0,140344.0,58207.0
1767593591963,1767593591.9589064,442.0,140336.0,58197.0
1767593591963,1767593591.958922,441.0,140374.0,58211.0
1767593591963,1767593591.9589376,443.0,140308.0,58213.0
1767593591963,1767593591.9589531,443.0,140363.0,58187.0
1767593591963,1767593591.9589689,443.0,140375.0,58216.0
1767593591963,1767593591.9589844,442.0,140363.0,58201.0
1767593592126,1767593592.1239064,441.0,140356.0,58196.0
1767593592126,1767593592.1239219,442.0,140355.0,58190.0
1767593592126,1767593592.1239376,441.0,140348.0,58196.0
1767593592126,1767593592.123953,441.0,140346.0,58214.0
1767593592126,1767593592.1239688,442.0,140319.0,58188.0
1767593592126,1767593592.1239843,442.0,140341.0,58198.0
1767593592162,1767593592.1549063,441.0,140350.0,58182.0
1767593592162,1767593592.1549218,442.0,140321.0,58184.0
1767593592162,1767593592.1549375,442.0,140371.0,58203.0
1767593592162,1767593592.154953,441.0,140360.0,58178.0
1767593592162,1767593592.1549687,440.0,140371.0,58192.0
1767593592162,1767593592.1549842,443.0,140414.0,58210.0
1767593592263,1767593592.2609062,441.0,140403.0,58215.0
1767593592263,1767593592.2609217,442.0,140391.0,58210.0
1767593592263,1767593592.2609375,442.0,140405.0,58206.0
1767593592263,1767593592.260953,442.0,140391.0,58199.0
1767593592263,1767593592.2609687,443.0,140407.0,58211.0
1767593592263,1767593592.2609842,442.0,140402.0,58198.0
1767593592357,1767593592.3489063,442.0,140398.0,58206.0
1767593592357,1767593592.3489218,443.0,140424.0,58203.0
1767593592357,1767593592.3489375,442.0,140474.0,58230.0
1767593592357,1767593592.348953,443.0,140429.0,58218.0
1767593592358,1767593592.3489687,442.0,140449.0,58219.0
1767593592358,1767593592.3489842,443.0,140472.0,58190.0
1767593592457,1767593592.4549062,441.0,140519.0,58214.0
1767593592457,1767593592.4549217,442.0,140491.0,58219.0
1767593592457,1767593592.4549375,442.0,140464.0,58234.0
1767593592457,1767593592.454953,441.0,140503.0,58262.0
1767593592457,1767593592.4549687,442.0,140534.0,58234.0
1767593592457,1767593592.4549842,441.0,140531.0,58245.0
1767593592549,1767593592.5289063,441.0,140543.0,58260.0
1767593592549,1767593592.5289218,442.0,140518.0,58231.0
1767593592549,1767593592.5289376,442.0,140565.0,58255.0
1767593592549,1767593592.528953,440.0,140533.0,58259.0
1767593592549,1767593592.5289688,441.0,140630.0,58298.0
1767593592549,1767593592.5289843,441.0,140578.0,58262.0
1767593592637,1767593592.6339064,442.0,140603.0,58275.0
1767593592637,1767593592.6339219,442.0,140612.0,58259.0
1767593592637,1767593592.6339376,442.0,140611.0,58281.0
1767593592637,1767593592.633953,443.0,140607.0,58269.0
1767593592637,1767593592.6339688,442.0,140641.0,58274.0
1767593592637,1767593592.6339843,441.0,140650.0,58262.0
1767593592714,1767593592.7089064,441.0,140636.0,58263.0
1767593592714,1767593592.708922,442.0,140660.0,58279.0
1767593592714,1767593592.7089376,443.0,140680.0,58283.0
1767593592714,1767593592.7089531,442.0,140695.0,58290.0
1767593592714,1767593592.7089689,441.0,140687.0,58285.0
1767593592714,1767593592.7089844,441.0,140703.0,58285.0
1767593592821,1767593592.8179064,441.0,140755.0,58303.0
1767593592821,1767593592.8179219,442.0,140741.0,58296.0
1767593592821,1767593592.8179376,442.0,140695.0,58292.0
1767593592821,1767593592.817953,441.0,140743.0,58299.0
1767593592821,1767593592.8179688,442.0,140773.0,58315.0
1767593592821,1767593592.8179843,442.0,140738.0,58295.0
1767593592906,1767593592.9039063,442.0,140743.0,58320.0
1767593592906,1767593592.9039218,441.0,140709.0,58295.0
1767593592906,1767593592.9039376,442.0,140728.0,58290.0
1767593592906,1767593592.903953,441.0,140751.0,58303.0
1767593592906,1767593592.9039688,442.0,140750.0,58308.0
1767593592906,1767593592.9039843,442.0,140724.0,58304.0
1767593593027,1767593592.9969063,442.0,140708.0,58278.0
1767593593027,1767593592.9969218,443.0,140733.0,58298.0
1767593593027,1767593592.9969375,442.0,140739.0,58296.0
1767593593027,1767593592.996953,443.0,140737.0,58286.0
1767593593027,1767593592.9969687,442.0,140707.0,58290.0
1767593593027,1767593592.9969842,442.0,140734.0,58277.0
1767593593191,1767593593.1589062,442.0,140709.0,58300.0
1767593593191,1767593593.1589217,441.0,140739.0,58303.0
1767593593191,1767593593.1589375,442.0,140765.0,58289.0
1767593593191,1767593593.158953,441.0,140720.0,58298.0
1767593593191,1767593593.1589687,442.0,140758.0,58272.0
1767593593191,1767593593.1589842,443.0,140766.0,58306.0
1767593593222,1767593593.2189064,442.0,140750.0,58289.0
1767593593222,1767593593.218922,443.0,140753.0,58290.0
1767593593222,1767593593.2189376,440.0,140765.0,58291.0
1767593593222,1767593593.2189531,443.0,140803.0,58292.0
1767593593222,1767593593.2189689,441.0,140745.0,58293.0
1767593593222,1767593593.2189844,442.0,140823.0,58303.0
1767593593286,1767593593.2809062,442.0,140775.0,58289.0
1767593593286,1767593593.2809217,442.0,140769.0,58303.0
1767593593286,1767593593.2809374,442.0,140796.0,58306.0
1767593593286,1767593593.280953,443.0,140767.0,58294.0
1767593593286,1767593593.2809687,443.0,140825.0,58312.0
1767593593286,1767593593.2809842,441.0,140813.0,58314.0
1767593593431,1767593593.4289062,443.0,140795.0,58296.0
1767593593431,1767593593.4289217,443.0,140815.0,58311.0
1767593593431,1767593593.4289374,441.0,140856.0,58315.0
1767593593431,1767593593.428953,442.0,140856.0,58307.0
1767593593431,1767593593.4289687,440.0,140832.0,58306.0
1767593593431,1767593593.4289842,441.0,140851.0,58303.0
1767593593496,1767593593.4619062,441.0,140830.0,58319.0
1767593593496,1767593593.4619217,441.0,140870.0,58316.0
1767593593496,1767593593.4619374,442.0,140852.0,58305.0
1767593593496,1767593593.461953,442.0,140860.0,58335.0
1767593593496,1767593593.4619687,441.0,140916.0,58334.0
1767593593496,1767593593.4619842,442.0,140868.0,58311.0
1767593593600,1767593593.5949063,441.0,140968.0,58309.0
1767593593600,1767593593.5949218,441.0,140893.0,58320.0
1767593593600,1767593593.5949376,441.0,140916.0,58326.0
1767593593600,1767593593.594953,443.0,140910.0,58333.0
1767593593600,1767593593.5949688,441.0,140915.0,58314.0
1767593593600,1767593593.5949843,441.0,140935.0,58317.0
1767593593685,1767593593.6599064,443.0,140953.0,58352.0
1767593593685,1767593593.659922,442.0,140946.0,58333.0
1767593593685,1767593593.6599376,443.0,140964.0,58333.0
1767593593685,1767593593.659953,443.0,140968.0,58338.0
1767593593685,1767593593.6599689,443.0,140955.0,58335.0
1767593593685,1767593593.6599844,443.0,140949.0,58340.0
1767593593746,1767593593.7439063,443.0,141003.0,58324.0
1767593593746,1767593593.7439218,441.0,140982.0,58348.0
1767593593746,1767593593.7439375,441.0,141016.0,58345.0
1767593593746,1767593593.743953,443.0,141007.0,58341.0
1767593593746,1767593593.7439687,441.0,140949.0,58313.0
1767593593746,1767593593.7439842,442.0,140977.0,58316.0
1767593593851,1767593593.8349063,442.0,140950.0,58320.0
1767593593851,1767593593.8349218,442.0,140907.0,58333.0
1767593593857,1767593593.8349376,441.0,140929.0,58320.0
1767593593857,1767593593.834953,442.0,140903.0,58314.0
1767593593857,1767593593.8349688,443.0,140935.0,58302.0
1767593593857,1767593593.8349843,442.0,140923.0,58285.0
1767593593931,1767593593.9289062,441.0,140958.0,58318.0
1767593593931,1767593593.9289217,441.0,140892.0,58318.0
1767593593931,1767593593.9289374,442.0,140941.0,58323.0
1767593593931,1767593593.928953,442.0,140898.0,58301.0
1767593593931,1767593593.9289687,441.0,140850.0,58291.0
1767593593931,1767593593.9289842,442.0,140871.0,58302.0
1767593594051,1767593594.0289063,443.0,140890.0,58292.0
1767593594051,1767593594.0289218,442.0,140901.0,58323.0
1767593594051,1767593594.0289376,442.0,140839.0,58288.0
1767593594051,1767593594.028953,442.0,140870.0,58288.0
1767593594051,1767593594.0289688,443.0,140858.0,58301.0
1767593594051,1767593594.0289843,441.0,140884.0,58299.0
1767593594137,1767593594.1349063,442.0,140847.0,58287.0
1767593594137,1767593594.1349218,443.0,140874.0,58279.0
1767593594137,1767593594.1349375,441.0,140844.0,58290.0
1767593594137,1767593594.134953,441.0,140830.0,58271.0
1767593594137,1767593594.1349688,442.0,140862.0,58300.0
1767593594137,1767593594.1349843,442.0,140858.0,58296.0
1767593594256,1767593594.2089064,442.0,140863.0,58275.0
1767593594256,1767593594.208922,441.0,140837.0,58274.0
1767593594256,1767593594.2089376,442.0,140861.0,58286.0
1767593594256,1767593594.2089531,440.0,140843.0,58301.0
1767593594256,1767593594.2089689,441.0,140825.0,58289.0
1767593594256,1767593594.2089844,441.0,140811.0,58288.0
1767593594396,1767593594.3929062,442.0,140858.0,58276.0
1767593594396,1767593594.3929217,441.0,140845.0,58291.0
1767593594396,1767593594.3929374,441.0,140841.0,58291.0
1767593594396,1767593594.392953,441.0,140857.0,58297.0
1767593594396,1767593594.3929687,442.0,140893.0,58286.0
1767593594396,1767593594.3929842,442.0,140819.0,58302.0
1767593594451,1767593594.4489062,441.0,140842.0,58292.0
1767593594451,1767593594.4489217,442.0,140867.0,58265.0
1767593594451,1767593594.4489374,441.0,140872.0,58314.0
1767593594451,1767593594.448953,442.0,140837.0,58307.0
1767593594451,1767593594.4489686,441.0,140848.0,58281.0
1767593594451,1767593594.4489841,442.0,140875.0,58271.0
1767593594528,1767593594.4939063,442.0,140865.0,58290.0
1767593594528,1767593594.4939218,441.0,140847.0,58281.0
1767593594528,1767593594.4939375,441.0,140830.0,58287.0
1767593594528,1767593594.493953,441.0,140822.0,58290.0
1767593594528,1767593594.4939687,440.0,140869.0,58281.0
1767593594528,1767593594.4939842,441.0,140902.0,58300.0
1767593594617,1767593594.5839064,441.0,140872.0,58278.0
1767593594617,1767593594.583922,442.0,140879.0,58271.0
1767593594617,1767593594.5839376,442.0,140880.0,58300.0
1767593594617,1767593594.5839531,442.0,140919.0,58280.0
1767593594621,1767593594.5839689,442.0,140927.0,58300.0
1767593594621,1767593594.5839844,441.0,140932.0,58294.0
1767593594724,1767593594.6969063,442.0,140908.0,58302.0
1767593594724,1767593594.6969218,441.0,140863.0,58289.0
1767593594724,1767593594.6969376,442.0,140884.0,58267.0
1767593594724,1767593594.696953,442.0,140802.0,58258.0
1767593594724,1767593594.6969688,441.0,140804.0,58270.0
1767593594724,1767593594.6969843,441.0,140789.0,58281.0
1767593594813,1767593594.7789063,441.0,140820.0,58263.0
1767593594813,1767593594.7789218,443.0,140768.0,58279.0
1767593594813,1767593594.7789376,442.0,140763.0,58250.0
1767593594813,1767593594.778953,441.0,140766.0,58231.0
1767593594813,1767593594.7789688,442.0,140745.0,58271.0
1767593594813,1767593594.7789843,441.0,140732.0,58230.0
1767593594876,1767593594.8709064,442.0,140693.0,58227.0
1767593594876,1767593594.8709219,442.0,140677.0,58212.0
1767593594876,1767593594.8709376,441.0,140684.0,58214.0
1767593594876,1767593594.870953,441.0,140666.0,58234.0
1767593594876,1767593594.8709688,441.0,140665.0,58204.0
1767593594876,1767593594.8709843,441.0,140642.0,58217.0
1767593594961,1767593594.9589064,439.0,140641.0,58222.0
1767593594961,1767593594.958922,441.0,140617.0,58216.0
1767593594961,1767593594.9589376,442.0,140654.0,58216.0
1767593594961,1767593594.9589531,442.0,140579.0,58191.0
1767593594961,1767593594.9589689,439.0,140613.0,58215.0
1767593594961,1767593594.9589844,440.0,140611.0,58198.0
1767593595069,1767593595.0489063,441.0,140569.0,58181.0
1767593595069,1767593595.0489218,441.0,140605.0,58191.0
1767593595069,1767593595.0489376,441.0,140613.0,58217.0
1767593595069,1767593595.048953,441.0,140611.0,58180.0
1767593595069,1767593595.0489688,442.0,140543.0,58169.0
1767593595069,1767593595.0489843,442.0,140549.0,58193.0
1767593595162,1767593595.1569064,442.0,140566.0,58177.0
1767593595162,1767593595.1569219,442.0,140579.0,58160.0
1767593595162,1767593595.1569376,440.0,140580.0,58210.0
1767593595162,1767593595.156953,443.0,140557.0,58190.0
1767593595162,1767593595.1569688,441.0,140576.0,58181.0
1767593595162,1767593595.1569843,441.0,140549.0,58175.0
1767593595261,1767593595.2439063,441.0,140539.0,58185.0
1767593595261,1767593595.2439218,440.0,140584.0,58196.0
1767593595261,1767593595.2439375,440.0,140539.0,58202.0
1767593595261,1767593595.243953,442.0,140572.0,58170.0
1767593595261,1767593595.2439687,441.0,140510.0,58195.0
1767593595261,1767593595.2439842,441.0,140565.0,58180.0
1767593595368,1767593595.3349063,441.0,140569.0,58187.0
1767593595368,1767593595.3349218,440.0,140558.0,58194.0
1767593595368,1767593595.3349376,442.0,140546.0,58172.0
1767593595368,1767593595.334953,442.0,140560.0,58185.0
1767593595368,1767593595.3349688,441.0,140557.0,58195.0
1767593595368,1767593595.3349843,442.0,140617.0,58185.0
1767593595506,1767593595.4579062,441.0,140542.0,58165.0
1767593595506,1767593595.4579217,441.0,140596.0,58192.0
1767593595506,1767593595.4579375,441.0,140615.0,58188.0
1767593595506,1767593595.457953,441.0,140623.0,58194.0
1767593595506,1767593595.4579687,442.0,140633.0,58169.0
1767593595506,1767593595.4579842,443.0,140621.0,58195.0
1767593595532,1767593595.5289063,442.0,140617.0,58178.0
1767593595532,1767593595.5289218,441.0,140661.0,58201.0
1767593595532,1767593595.5289376,441.0,140626.0,58211.0
1767593595532,1767593595.528953,441.0,140624.0,58194.0
1767593595532,1767593595.5289688,442.0,140669.0,58171.0
1767593595532,1767593595.5289843,441.0,140620.0,58184.0
1767593595653,1767593595.6189063,440.0,140554.0,58161.0
1767593595653,1767593595.6189218,441.0,140637.0,58209.0
1767593595653,1767593595.6189375,442.0,140553.0,58184.0
1767593595653,1767593595.618953,442.0,140558.0,58159.0
1767593595653,1767593595.6189687,441.0,140540.0,58160.0
1767593595653,1767593595.6189842,441.0,140503.0,58139.0
1767593595816,1767593595.8139062,441.0,140499.0,58148.0
1767593595816,1767593595.8139217,440.0,140445.0,58136.0
1767593595816,1767593595.8139374,442.0,140442.0,58125.0
1767593595816,1767593595.813953,441.0,140427.0,58128.0
1767593595816,1767593595.8139687,442.0,140405.0,58132.0
1767593595816,1767593595.8139842,442.0,140402.0,58141.0
1767593595860,1767593595.8449063,442.0,140383.0,58132.0
1767593595860,1767593595.8449218,442.0,140360.0,58100.0
1767593595860,1767593595.8449376,441.0,140357.0,58097.0
1767593595860,1767593595.844953,441.0,140396.0,58121.0
1767593595860,1767593595.8449688,442.0,140401.0,58121.0
1767593595860,1767593595.8449843,442.0,140332.0,58115.0
1767593595951,1767593595.9189062,442.0,140321.0,58099.0
1767593595951,1767593595.9189217,442.0,140357.0,58111.0
1767593595951,1767593595.9189374,440.0,140340.0,58113.0
1767593595951,1767593595.918953,441.0,140380.0,58075.0
1767593595951,1767593595.9189687,442.0,140333.0,58102.0
1767593595951,1767593595.9189842,441.0,140324.0,58089.0
1767593596043,1767593596.0389063,443.0,140348.0,58092.0
1767593596043,1767593596.0389218,440.0,140298.0,58083.0
1767593596043,1767593596.0389376,442.0,140307.0,58107.0
1767593596043,1767593596.038953,441.0,140322.0,58107.0
1767593596043,1767593596.0389688,441.0,140332.0,58091.0
1767593596043,1767593596.0389843,441.0,140392.0,58107.0
1767593596131,1767593596.0999062,442.0,140344.0,58104.0
1767593596131,1767593596.0999217,442.0,140292.0,58090.0
1767593596131,1767593596.0999374,442.0,140328.0,58079.0
1767593596131,1767593596.099953,443.0,140310.0,58104.0
1767593596131,1767593596.0999687,442.0,140331.0,58070.0
1767593596131,1767593596.0999842,442.0,140339.0,58085.0
1767593596191,1767593596.1749063,440.0,140307.0,58100.0
1767593596191,1767593596.1749218,442.0,140295.0,58070.0
1767593596191,1767593596.1749375,441.0,140352.0,58076.0
1767593596191,1767593596.174953,441.0,140391.0,58099.0
1767593596191,1767593596.1749687,442.0,140369.0,58091.0
1767593596191,1767593596.1749842,442.0,140388.0,58101.0
1767593596295,1767593596.2789063,442.0,140343.0,58092.0
1767593596295,1767593596.2789218,441.0,140360.0,58115.0
1767593596295,1767593596.2789376,441.0,140380.0,58097.0
1767593596295,1767593596.278953,442.0,140400.0,58109.0
1767593596295,1767593596.2789688,441.0,140381.0,58096.0
1767593596295,1767593596.2789843,441.0,140412.0,58099.0
1767593596630,1767593596.3689063,441.0,140392.0,58091.0
1767593596630,1767593596.3689218,441.0,140374.0,58096.0
1767593596630,1767593596.3689375,442.0,140368.0,58111.0
1767593596630,1767593596.368953,442.0,140464.0,58108.0
1767593596630,1767593596.3689687,442.0,140400.0,58114.0
1767593596630,1767593596.3689842,442.0,140425.0,58132.0
1767593596677,1767593596.4739063,442.0,140486.0,58123.0
1767593596677,1767593596.4739218,443.0,140493.0,58139.0
1767593596677,1767593596.4739375,442.0,140479.0,58149.0
1767593596678,1767593596.473953,442.0,140500.0,58156.0
1767593596678,1767593596.4739687,443.0,140512.0,58169.0
1767593596678,1767593596.4739842,442.0,140439.0,58172.0
1767593596691,1767593596.5489063,442.0,140465.0,58169.0
1767593596691,1767593596.5489218,442.0,140412.0,58147.0
1767593596691,1767593596.5489376,442.0,140455.0,58160.0
1767593596691,1767593596.548953,442.0,140347.0,58112.0
1767593596692,1767593596.5489688,444.0,140366.0,58146.0
1767593596692,1767593596.5489843,441.0,140330.0,58112.0
1767593596703,1767593596.6859064,442.0,140339.0,58126.0
1767593596703,1767593596.685922,440.0,140291.0,58092.0
1767593596703,1767593596.6859376,442.0,140273.0,58103.0
1767593596703,1767593596.6859531,442.0,140304.0,58086.0
1767593596703,1767593596.6859689,443.0,140304.0,58053.0
1767593596703,1767593596.6859844,442.0,140262.0,58076.0
1767593596748,1767593596.7449062,442.0,140260.0,58078.0
1767593596748,1767593596.7449217,442.0,140256.0,58071.0
1767593596748,1767593596.7449374,441.0,140257.0,58081.0
1767593596748,1767593596.744953,442.0,140291.0,58091.0
1767593596748,1767593596.7449687,442.0,140253.0,58083.0
1767593596748,1767593596.7449841,442.0,140273.0,58106.0
1767593596871,1767593596.8649063,443.0,140252.0,58078.0
1767593596871,1767593596.8649218,441.0,140288.0,58096.0
1767593596871,1767593596.8649375,442.0,140257.0,58093.0
1767593596871,1767593596.864953,442.0,140291.0,58086.0
1767593596871,1767593596.8649688,443.0,140238.0,58079.0
1767593596871,1767593596.8649843,442.0,140250.0,58059.0
1767593596975,1767593596.9249063,441.0,140238.0,58070.0
1767593596975,1767593596.9249218,442.0,140237.0,58091.0
1767593596975,1767593596.9249375,441.0,140256.0,58066.0
1767593596975,1767593596.924953,442.0,140200.0,58029.0
1767593596975,1767593596.9249687,441.0,140206.0,58048.0
1767593596975,1767593596.9249842,442.0,140212.0,58022.0
1767593597048,1767593597.0449064,442.0,140225.0,58004.0
1767593597048,1767593597.0449219,442.0,140213.0,58034.0
1767593597048,1767593597.0449376,442.0,140237.0,58003.0
1767593597048,1767593597.044953,442.0,140208.0,58010.0
1767593597048,1767593597.0449688,441.0,140199.0,58031.0
1767593597048,1767593597.0449843,442.0,140261.0,57991.0
1767593597184,1767593597.1489062,442.0,140189.0,58011.0
1767593597184,1767593597.1489217,441.0,140265.0,57993.0
1767593597184,1767593597.1489375,443.0,140215.0,58007.0
1767593597184,1767593597.148953,441.0,140202.0,57984.0
1767593597184,1767593597.1489687,441.0,140257.0,58017.0
1767593597184,1767593597.1489842,442.0,140228.0,58012.0
1767593597271,1767593597.2549064,442.0,140222.0,58019.0
1767593597271,1767593597.254922,442.0,140262.0,58018.0
1767593597271,1767593597.2549376,442.0,140263.0,58028.0
1767593597271,1767593597.2549531,442.0,140314.0,58023.0
1767593597271,1767593597.254969,443.0,140308.0,58052.0
1767593597271,1767593597.2549844,441.0,140270.0,58056.0
1767593597313,1767593597.3049064,441.0,140350.0,58055.0
1767593597313,1767593597.3049219,441.0,140333.0,58035.0
1767593597313,1767593597.3049376,441.0,140361.0,58064.0
1767593597313,1767593597.304953,441.0,140394.0,58072.0
1767593597313,1767593597.3049688,443.0,140406.0,58090.0
1767593597313,1767593597.3049843,442.0,140358.0,58085.0
1767593597525,1767593597.4789064,441.0,140387.0,58086.0
1767593597525,1767593597.478922,442.0,140447.0,58082.0
1767593597525,1767593597.4789376,442.0,140368.0,58075.0
1767593597525,1767593597.4789531,442.0,140379.0,58076.0
1767593597525,1767593597.4789689,441.0,140414.0,58076.0
1767593597525,1767593597.4789844,442.0,140384.0,58063.0
1767593597631,1767593597.6209064,442.0,140401.0,58054.0
1767593597631,1767593597.6209219,441.0,140334.0,58063.0
1767593597631,1767593597.6209376,441.0,140320.0,58043.0
1767593597631,1767593597.620953,442.0,140300.0,58037.0
1767593597631,1767593597.6209688,441.0,140277.0,58036.0
1767593597631,1767593597.6209843,441.0,140276.0,58026.0
1767593597720,1767593597.6739063,441.0,140279.0,58022.0
1767593597720,1767593597.6739218,442.0,140242.0,58025.0
1767593597720,1767593597.6739376,441.0,140256.0,58020.0
1767593597720,1767593597.673953,441.0,140226.0,58051.0
1767593597720,1767593597.6739688,441.0,140259.0,58016.0
1767593597720,1767593597.6739843,441.0,140225.0,58031.0
1767593597791,1767593597.7839062,442.0,140216.0,58028.0
1767593597791,1767593597.7839217,441.0,140232.0,58025.0
1767593597791,1767593597.7839375,440.0,140222.0,58042.0
1767593597791,1767593597.783953,441.0,140205.0,58020.0
1767593597791,1767593597.7839687,441.0,140261.0,58038.0
1767593597791,1767593597.7839842,442.0,140239.0,58042.0
1767593597903,1767593597.8749063,442.0,140242.0,58040.0
1767593597903,1767593597.8749218,442.0,140218.0,58028.0
1767593597903,1767593597.8749375,442.0,140191.0,58027.0
1767593597903,1767593597.874953,441.0,140221.0,58022.0
1767593597903,1767593597.8749688,441.0,140214.0,58032.0
1767593597903,1767593597.8749843,442.0,140212.0,58028.0
1767593597977,1767593597.9439063,442.0,140215.0,58027.0
1767593597977,1767593597.9439218,442.0,140244.0,58030.0
1767593597977,1767593597.9439375,442.0,140205.0,58020.0
1767593597977,1767593597.943953,442.0,140222.0,58051.0
1767593597977,1767593597.9439688,443.0,140215.0,58016.0
1767593597977,1767593597.9439843,440.0,140211.0,58041.0
1767593598042,1767593598.0349064,443.0,140259.0,58030.0
1767593598042,1767593598.034922,443.0,140235.0,58029.0
1767593598042,1767593598.0349376,442.0,140241.0,58018.0
1767593598042,1767593598.034953,442.0,140269.0,58058.0
1767593598042,1767593598.0349689,442.0,140221.0,58035.0
1767593598042,1767593598.0349844,442.0,140318.0,58036.0
1767593598099,1767593598.0969062,441.0,140260.0,58039.0
1767593598099,1767593598.0969217,441.0,140291.0,58039.0
1767593598099,1767593598.0969374,442.0,140263.0,58040.0
1767593598099,1767593598.096953,440.0,140292.0,58049.0
1767593598099,1767593598.0969687,443.0,140275.0,58058.0
1767593598099,1767593598.0969841,440.0,140252.0,58039.0
1767593598206,1767593598.1999063,441.0,140297.0,58079.0
1767593598211,1767593598.1999218,443.0,140304.0,58061.0
1767593598211,1767593598.1999376,440.0,140338.0,58072.0
1767593598211,1767593598.199953,442.0,140316.0,58058.0
1767593598211,1767593598.1999688,441.0,140304.0,58068.0
1767593598211,1767593598.1999843,441.0,140367.0,58069.0
1767593598292,1767593598.2589064,442.0,140379.0,58080.0
1767593598292,1767593598.2589219,443.0,140346.0,58082.0
1767593598292,1767593598.2589376,440.0,140313.0,58065.0
1767593598292,1767593598.258953,442.0,140375.0,58056.0
1767593598292,1767593598.2589688,442.0,140428.0,58090.0
1767593598292,1767593598.2589843,442.0,140363.0,58086.0
1767593598366,1767593598.3419063,441.0,140404.0,58079.0
1767593598366,1767593598.3419218,441.0,140364.0,58051.0
1767593598366,1767593598.3419375,442.0,140366.0,58064.0
1767593598366,1767593598.341953,443.0,140377.0,58088.0
1767593598366,1767593598.3419688,442.0,140349.0,58082.0
1767593598366,1767593598.3419843,442.0,140380.0,58056.0
1767593598430,1767593598.4269063,440.0,140330.0,58063.0
1767593598430,1767593598.4269218,441.0,140311.0,58055.0
1767593598430,1767593598.4269376,440.0,140342.0,58057.0
1767593598430,1767593598.426953,441.0,140280.0,58049.0
1767593598430,1767593598.4269688,442.0,140322.0,58052.0
1767593598430,1767593598.4269843,442.0,140317.0,58057.0
1767593598575,1767593598.5299063,440.0,140323.0,58065.0
1767593598575,1767593598.5299218,442.0,140281.0,58070.0
1767593598575,1767593598.5299375,442.0,140295.0,58035.0
1767593598575,1767593598.529953,442.0,140285.0,58035.0
1767593598575,1767593598.5299687,442.0,140239.0,58065.0
1767593598575,1767593598.5299842,441.0,140287.0,58034.0
1767593598665,1767593598.6349063,441.0,140303.0,58044.0
1767593598665,1767593598.6349218,441.0,140239.0,58058.0
1767593598665,1767593598.6349375,441.0,140261.0,58051.0
1767593598665,1767593598.634953,443.0,140254.0,58050.0
1767593598665,1767593598.6349688,443.0,140274.0,58039.0
1767593598665,1767593598.6349843,441.0,140291.0,58047.0
1767593598755,1767593598.7389064,441.0,140224.0,58041.0
1767593598755,1767593598.7389219,442.0,140221.0,58039.0
1767593598755,1767593598.7389376,442.0,140269.0,58047.0
1767593598755,1767593598.738953,441.0,140236.0,58041.0
1767593598755,1767593598.7389688,441.0,140252.0,58035.0
1767593598755,1767593598.7389843,442.0,140258.0,58051.0
1767593598821,1767593598.8149064,441.0,140259.0,58040.0
1767593598821,1767593598.8149219,440.0,140244.0,58057.0
1767593598821,1767593598.8149376,441.0,140270.0,58028.0
1767593598821,1767593598.814953,441.0,140231.0,58015.0
1767593598821,1767593598.8149688,442.0,140252.0,58045.0
1767593598821,1767593598.8149843,441.0,140281.0,58031.0
1767593598909,1767593598.9069064,441.0,140258.0,58039.0
1767593598909,1767593598.9069219,442.0,140253.0,58052.0
1767593598909,1767593598.9069376,442.0,140309.0,58085.0
1767593598909,1767593598.906953,441.0,140337.0,58077.0
1767593598909,1767593598.9069688,442.0,140277.0,58057.0
1767593598909,1767593598.9069843,441.0,140368.0,58071.0
1767593599026,1767593598.9939063,443.0,140345.0,58070.0
1767593599026,1767593598.9939218,442.0,140339.0,58062.0
1767593599026,1767593598.9939375,441.0,140387.0,58079.0
1767593599026,1767593598.993953,442.0,140339.0,58079.0
1767593599026,1767593598.9939687,442.0,140318.0,58068.0
1767593599026,1767593598.9939842,442.0,140339.0,58083.0
1767593599131,1767593599.1289062,442.0,140380.0,58064.0
1767593599131,1767593599.1289217,442.0,140395.0,58090.0
1767593599131,1767593599.1289375,443.0,140390.0,58082.0
1767593599131,1767593599.128953,442.0,140383.0,58097.0
1767593599131,1767593599.1289687,441.0,140388.0,58087.0
1767593599131,1767593599.1289842,442.0,140397.0,58079.0
1767593599194,1767593599.1899064,441.0,140405.0,58080.0
1767593599194,1767593599.1899219,442.0,140406.0,58072.0
1767593599194,1767593599.1899376,442.0,140417.0,58067.0
1767593599194,1767593599.189953,441.0,140403.0,58062.0
1767593599194,1767593599.1899688,442.0,140443.0,58074.0
1767593599194,1767593599.1899843,442.0,140410.0,58093.0
1767593599311,1767593599.2789063,442.0,140409.0,58070.0
1767593599311,1767593599.2789218,443.0,140419.0,58071.0
1767593599311,1767593599.2789376,442.0,140397.0,58073.0
1767593599311,1767593599.278953,441.0,140390.0,58075.0
1767593599311,1767593599.2789688,443.0,140396.0,58075.0
1767593599311,1767593599.2789843,442.0,140358.0,58081.0
1767593599431,1767593599.4139063,442.0,140366.0,58052.0
1767593599431,1767593599.4139218,442.0,140336.0,58056.0
1767593599431,1767593599.4139376,442.0,140358.0,58077.0
1767593599431,1767593599.413953,442.0,140400.0,58056.0
1767593599431,1767593599.4139688,443.0,140328.0,58030.0
1767593599431,1767593599.4139843,442.0,140314.0,58029.0
1767593599520,1767593599.5049064,442.0,140294.0,58067.0
1767593599520,1767593599.504922,441.0,140358.0,58074.0
1767593599520,1767593599.5049376,442.0,140340.0,58047.0
1767593599520,1767593599.5049531,441.0,140302.0,58053.0
1767593599520,1767593599.504969,442.0,140287.0,58044.0
1767593599520,1767593599.5049844,442.0,140319.0,58055.0
1767593599595,1767593599.5789063,442.0,140351.0,58035.0
1767593599595,1767593599.5789218,441.0,140365.0,58063.0
1767593599595,1767593599.5789375,441.0,140275.0,58034.0
1767593599595,1767593599.578953,441.0,140323.0,58043.0
1767593599595,1767593599.5789688,444.0,140298.0,58053.0
1767593599595,1767593599.5789843,441.0,140296.0,58046.0
1767593599701,1767593599.6689062,442.0,140324.0,58024.0
1767593599701,1767593599.6689217,442.0,140373.0,58057.0
1767593599701,1767593599.6689374,441.0,140320.0,58064.0
1767593599701,1767593599.668953,443.0,140340.0,58034.0
1767593599701,1767593599.6689687,443.0,140361.0,58057.0
1767593599701,1767593599.6689842,441.0,140314.0,58069.0
1767593599777,1767593599.7599063,441.0,140333.0,58057.0
1767593599777,1767593599.7599218,441.0,140354.0,58070.0
1767593599777,1767593599.7599375,442.0,140330.0,58061.0
1767593599777,1767593599.759953,441.0,140393.0,58070.0
1767593599777,1767593599.7599688,442.0,140310.0,58071.0
1767593599777,1767593599.7599843,441.0,140335.0,58069.0
1767593599861,1767593599.8519063,441.0,140348.0,58060.0
1767593599861,1767593599.8519218,440.0,140372.0,58052.0
1767593599861,1767593599.8519375,441.0,140423.0,58083.0
1767593599861,1767593599.851953,441.0,140354.0,58075.0
1767593599861,1767593599.8519688,442.0,140400.0,58062.0
1767593599861,1767593599.8519843,441.0,140391.0,58069.0
1767593599944,1767593599.9399064,441.0,140426.0,58093.0
1767593599944,1767593599.9399219,441.0,140400.0,58071.0
1767593599944,1767593599.9399376,441.0,140470.0,58084.0
1767593599944,1767593599.939953,441.0,140446.0,58103.0
1767593599944,1767593599.9399688,441.0,140421.0,58097.0
1767593599944,1767593599.9399843,441.0,140456.0,58094.0
1767593600035,1767593600.0319064,441.0,140454.0,58090.0
1767593600035,1767593600.0319219,443.0,140438.0,58078.0
1767593600035,1767593600.0319376,441.0,140453.0,58091.0
1767593600035,1767593600.031953,440.0,140466.0,58079.0
1767593600035,1767593600.0319688,441.0,140474.0,58076.0
1767593600035,1767593600.0319843,441.0,140451.0,58098.0
1767593600167,1767593600.1499064,442.0,140480.0,58092.0
1767593600167,1767593600.149922,440.0,140475.0,58093.0
1767593600167,1767593600.1499376,441.0,140471.0,58094.0
1767593600167,1767593600.1499531,441.0,140432.0,58079.0
1767593600167,1767593600.1499689,442.0,140429.0,58088.0
1767593600167,1767593600.1499844,441.0,140452.0,58076.0
1767593600227,1767593600.2249062,441.0,140445.0,58083.0
1767593600227,1767593600.2249217,442.0,140388.0,58073.0
1767593600227,1767593600.2249374,442.0,140471.0,58079.0
1767593600227,1767593600.224953,440.0,140426.0,58073.0
1767593600227,1767593600.2249687,442.0,140422.0,58064.0
1767593600227,1767593600.2249842,440.0,140378.0,58069.0
1767593600322,1767593600.3149064,441.0,140395.0,58074.0
1767593600322,1767593600.3149219,444.0,140388.0,58077.0
1767593600322,1767593600.3149376,442.0,140396.0,58071.0
1767593600322,1767593600.314953,441.0,140391.0,58062.0
1767593600322,1767593600.3149688,442.0,140370.0,58062.0
1767593600322,1767593600.3149843,443.0,140396.0,58068.0
1767593600406,1767593600.4049063,441.0,140403.0,58070.0
1767593600406,1767593600.4049218,442.0,140431.0,58082.0
1767593600406,1767593600.4049375,442.0,140401.0,58078.0
1767593600406,1767593600.404953,443.0,140414.0,58061.0
1767593600406,1767593600.4049687,442.0,140382.0,58073.0
1767593600406,1767593600.4049842,441.0,140419.0,58075.0
1767593600557,1767593600.5549064,441.0,140420.0,58048.0
1767593600557,1767593600.5549219,442.0,140433.0,58088.0
1767593600557,1767593600.5549376,441.0,140428.0,58070.0
1767593600557,1767593600.554953,442.0,140409.0,58089.0
1767593600557,1767593600.5549688,442.0,140434.0,58082.0
1767593600557,1767593600.5549843,442.0,140448.0,58076.0
1767593600593,1767593600.5879064,442.0,140409.0,58103.0
1767593600593,1767593600.5879219,443.0,140447.0,58106.0
1767593600593,1767593600.5879376,441.0,140439.0,58073.0
1767593600593,1767593600.587953,442.0,140467.0,58090.0
1767593600593,1767593600.5879688,441.0,140452.0,58106.0
1767593600593,1767593600.5879843,441.0,140445.0,58084.0
1767593600692,1767593600.6749063,443.0,140450.0,58081.0
1767593600692,1767593600.6749218,443.0,140470.0,58110.0
1767593600692,1767593600.6749375,441.0,140473.0,58117.0
1767593600692,1767593600.674953,442.0,140488.0,58110.0
1767593600692,1767593600.6749687,443.0,140508.0,58125.0
1767593600692,1767593600.6749842,441.0,140470.0,58105.0
1767593600785,1767593600.7829063,441.0,140474.0,58119.0
1767593600785,1767593600.7829218,442.0,140465.0,58121.0
1767593600785,1767593600.7829375,443.0,140470.0,58106.0
1767593600786,1767593600.782953,443.0,140544.0,58112.0
1767593600786,1767593600.7829688,442.0,140527.0,58115.0
1767593600786,1767593600.7829843,442.0,140512.0,58107.0
1767593600918,1767593600.8849063,441.0,140546.0,58121.0
1767593600918,1767593600.8849218,441.0,140546.0,58127.0
1767593600918,1767593600.8849375,441.0,140591.0,58142.0
1767593600918,1767593600.884953,441.0,140577.0,58121.0
1767593600918,1767593600.8849688,441.0,140551.0,58129.0
1767593600918,1767593600.8849843,442.0,140577.0,58155.0
1767593600980,1767593600.9599063,443.0,140564.0,58142.0
1767593600980,1767593600.9599218,442.0,140577.0,58118.0
1767593600980,1767593600.9599376,442.0,140567.0,58131.0
1767593600980,1767593600.959953,441.0,140575.0,58123.0
1767593600980,1767593600.9599688,442.0,140533.0,58123.0
1767593600980,1767593600.9599843,443.0,140565.0,58124.0
1767593601069,1767593601.0519063,443.0,140568.0,58110.0
1767593601069,1767593601.0519218,443.0,140530.0,58117.0
1767593601069,1767593601.0519376,441.0,140526.0,58134.0
1767593601069,1767593601.051953,441.0,140538.0,58115.0
1767593601069,1767593601.0519688,443.0,140518.0,58101.0
1767593601069,1767593601.0519843,443.0,140537.0,58101.0
1767593601157,1767593601.1549063,441.0,140494.0,58120.0
1767593601157,1767593601.1549218,442.0,140519.0,58122.0
1767593601157,1767593601.1549375,442.0,140547.0,58089.0
1767593601157,1767593601.154953,443.0,140513.0,58102.0
1767593601157,1767593601.1549687,441.0,140493.0,58098.0
1767593601157,1767593601.1549842,442.0,140488.0,58100.0
1767593601277,1767593601.2749064,441.0,140477.0,58110.0
1767593601277,1767593601.274922,441.0,140558.0,58085.0
1767593601277,1767593601.2749376,443.0,140482.0,58096.0
1767593601277,1767593601.2749531,441.0,140521.0,58119.0
1767593601277,1767593601.2749689,443.0,140487.0,58082.0
1767593601277,1767593601.2749844,441.0,140518.0,58086.0
1767593601341,1767593601.3369062,441.0,140484.0,58093.0
1767593601341,1767593601.3369217,442.0,140533.0,58105.0
1767593601341,1767593601.3369374,442.0,140491.0,58120.0
1767593601341,1767593601.336953,441.0,140504.0,58118.0
1767593601341,1767593601.3369687,442.0,140524.0,58104.0
1767593601341,1767593601.3369842,441.0,140512.0,58124.0
1767593601492,1767593601.4849062,442.0,140525.0,58111.0
1767593601492,1767593601.4849217,442.0,140528.0,58092.0
1767593601492,1767593601.4849374,442.0,140532.0,58115.0
1767593601492,1767593601.484953,442.0,140527.0,58112.0
1767593601492,1767593601.4849687,442.0,140503.0,58092.0
1767593601492,1767593601.4849842,442.0,140504.0,58094.0
1767593601548,1767593601.5299063,441.0,140561.0,58104.0
1767593601548,1767593601.5299218,442.0,140548.0,58101.0
1767593601548,1767593601.5299375,441.0,140520.0,58092.0
1767593601548,1767593601.529953,442.0,140612.0,58088.0
1767593601548,1767593601.5299687,441.0,140542.0,58118.0
1767593601548,1767593601.5299842,441.0,140550.0,58111.0
1767593601668,1767593601.6669064,443.0,140541.0,58122.0
1767593601668,1767593601.6669219,442.0,140579.0,58113.0
1767593601668,1767593601.6669376,442.0,140596.0,58104.0
1767593601668,1767593601.666953,442.0,140589.0,58134.0
1767593601668,1767593601.6669688,442.0,140595.0,58119.0
1767593601668,1767593601.6669843,441.0,140650.0,58144.0
1767593601725,1767593601.7089064,441.0,140585.0,58096.0
1767593601725,1767593601.708922,442.0,140602.0,58117.0
1767593601725,1767593601.7089376,442.0,140635.0,58134.0
1767593601725,1767593601.7089531,442.0,140654.0,58124.0
1767593601725,1767593601.7089689,442.0,140631.0,58125.0
1767593601725,1767593601.7089844,443.0,140641.0,58135.0
1767593601817,1767593601.7999063,441.0,140643.0,58113.0
1767593601817,1767593601.7999218,442.0,140678.0,58123.0
1767593601817,1767593601.7999375,442.0,140628.0,58123.0
1767593601817,1767593601.799953,443.0,140685.0,58135.0
1767593601817,1767593601.7999687,443.0,140697.0,58124.0
1767593601817,1767593601.7999842,442.0,140700.0,58136.0
1767593601910,1767593601.9069064,443.0,140692.0,58148.0
1767593601910,1767593601.9069219,442.0,140716.0,58146.0
1767593601910,1767593601.9069376,441.0,140720.0,58130.0
1767593601910,1767593601.906953,441.0,140696.0,58131.0
1767593601910,1767593601.9069688,442.0,140666.0,58132.0
1767593601910,1767593601.9069843,443.0,140689.0,58136.0
1767593602086,1767593602.0549064,442.0,140686.0,58109.0
1767593602086,1767593602.0549219,441.0,140679.0,58131.0
1767593602086,1767593602.0549376,443.0,140620.0,58101.0
1767593602086,1767593602.054953,441.0,140637.0,58109.0
1767593602086,1767593602.0549688,442.0,140615.0,58114.0
1767593602086,1767593602.0549843,442.0,140645.0,58111.0
1767593602357,1767593602.3239062,442.0,140610.0,58107.0
1767593602357,1767593602.3239217,442.0,140655.0,58101.0
1767593602357,1767593602.3239374,442.0,140578.0,58097.0
1767593602357,1767593602.323953,442.0,140613.0,58092.0
1767593602357,1767593602.3239686,441.0,140626.0,58088.0
1767593602357,1767593602.3239841,442.0,140601.0,58082.0
1767593602640,1767593602.6099062,441.0,140604.0,58088.0
1767593602640,1767593602.6099217,441.0,140574.0,58097.0
1767593602640,1767593602.6099374,442.0,140588.0,58101.0
1767593602640,1767593602.609953,441.0,140610.0,58096.0
1767593602640,1767593602.6099687,441.0,140650.0,58111.0
1767593602640,1767593602.6099842,442.0,140564.0,58085.0
1767593602882,1767593602.8499062,443.0,140629.0,58091.0
1767593602882,1767593602.8499217,442.0,140559.0,58078.0
1767593602882,1767593602.8499374,442.0,140628.0,58093.0
1767593602882,1767593602.849953,441.0,140571.0,58102.0
1767593602882,1767593602.8499687,442.0,140621.0,58097.0
1767593602882,1767593602.8499842,442.0,140660.0,58098.0
1767593603154,1767593603.1199062,442.0,140646.0,58103.0
1767593603154,1767593603.1199217,441.0,140595.0,58074.0
1767593603154,1767593603.1199374,441.0,140641.0,58069.0
1767593603154,1767593603.119953,442.0,140625.0,58111.0
1767593603154,1767593603.1199687,442.0,140610.0,58098.0
1767593603154,1767593603.1199841,442.0,140658.0,58106.0
1767593603442,1767593603.4049063,441.0,140680.0,58115.0
1767593603442,1767593603.4049218,442.0,140628.0,58092.0
1767593603442,1767593603.4049375,441.0,140639.0,58112.0
1767593603442,1767593603.404953,440.0,140679.0,58114.0
1767593603442,1767593603.4049687,442.0,140627.0,58089.0
1767593603442,1767593603.4049842,441.0,140661.0,58120.0
1767593604328,1767593604.3209064,442.0,140886.0,58138.0
1767593604328,1767593604.320922,441.0,140883.0,58130.0
1767593604328,1767593604.3209376,442.0,140809.0,58129.0
1767593604328,1767593604.3209531,442.0,140828.0,58133.0
1767593604328,1767593604.3209689,442.0,140883.0,58125.0
1767593604328,1767593604.3209844,442.0,140828.0,58125.0
1767593604352,1767593604.3499062,442.0,140743.0,58083.0
1767593604352,1767593604.3499217,442.0,140672.0,58096.0
1767593604352,1767593604.3499374,442.0,140712.0,58075.0
1767593604352,1767593604.349953,441.0,140701.0,58089.0
1767593604352,1767593604.3499687,443.0,140624.0,58076.0
1767593604352,1767593604.3499842,442.0,140701.0,58054.0
1767593604370,1767593604.3559062,442.0,140677.0,58068.0
1767593604370,1767593604.3559217,441.0,140668.0,58055.0
1767593604370,1767593604.3559375,442.0,140623.0,58088.0
1767593604370,1767593604.355953,441.0,140647.0,58080.0
1767593604370,1767593604.3559687,442.0,140646.0,58089.0
1767593604370,1767593604.3559842,442.0,140656.0,58075.0
1767593604407,1767593604.3979063,441.0,140613.0,58058.0
1767593604407,1767593604.3979218,440.0,140585.0,58091.0
1767593604407,1767593604.3979375,442.0,140621.0,58075.0
1767593604407,1767593604.397953,442.0,140637.0,58078.0
1767593604407,1767593604.3979688,442.0,140647.0,58081.0
1767593604407,1767593604.3979843,442.0,140619.0,58072.0
1767593604431,1767593604.4289062,441.0,140635.0,58062.0
1767593604431,1767593604.4289217,442.0,140566.0,58053.0
1767593604431,1767593604.4289374,442.0,140638.0,58057.0
1767593604431,1767593604.428953,440.0,140624.0,58057.0
1767593604431,1767593604.4289687,442.0,140609.0,58082.0
1767593604431,1767593604.4289842,440.0,140611.0,58073.0
1767593604531,1767593604.4869063,442.0,140641.0,58053.0
1767593604531,1767593604.4869218,441.0,140622.0,58068.0
1767593604531,1767593604.4869375,442.0,140598.0,58070.0
1767593604531,1767593604.486953,440.0,140584.0,58075.0
1767593604531,1767593604.4869688,440.0,140577.0,58061.0
1767593604531,1767593604.4869843,442.0,140579.0,58062.0
1767593604643,1767593604.6119063,440.0,140605.0,58088.0
1767593604643,1767593604.6119218,441.0,140612.0,58058.0
1767593604643,1767593604.6119375,443.0,140626.0,58078.0
1767593604643,1767593604.611953,442.0,140606.0,58057.0
1767593604643,1767593604.6119688,441.0,140614.0,58052.0
1767593604643,1767593604.6119843,442.0,140622.0,58075.0
1767593604667,1767593604.6649063,442.0,140630.0,58093.0
1767593604667,1767593604.6649218,441.0,140609.0,58051.0
1767593604667,1767593604.6649375,442.0,140635.0,58077.0
1767593604667,1767593604.664953,441.0,140623.0,58077.0
1767593604667,1767593604.6649687,441.0,140597.0,58073.0
1767593604668,1767593604.6649842,441.0,140659.0,58069.0
1767593604727,1767593604.7099063,441.0,140648.0,58063.0
1767593604727,1767593604.7099218,442.0,140668.0,58078.0
1767593604727,1767593604.7099376,440.0,140678.0,58098.0
1767593604727,1767593604.709953,441.0,140663.0,58091.0
1767593604727,1767593604.7099688,441.0,140662.0,58085.0
1767593604727,1767593604.7099843,441.0,140665.0,58088.0
1767593604819,1767593604.8149064,442.0,140695.0,58088.0
1767593604819,1767593604.8149219,440.0,140666.0,58082.0
1767593604819,1767593604.8149376,442.0,140735.0,58102.0
1767593604819,1767593604.814953,440.0,140697.0,58104.0
1767593604819,1767593604.8149688,443.0,140705.0,58094.0
1767593604819,1767593604.8149843,441.0,140691.0,58090.0
1767593604940,1767593604.9049063,442.0,140769.0,58109.0
1767593604940,1767593604.9049218,444.0,140704.0,58135.0
1767593604940,1767593604.9049375,442.0,140698.0,58091.0
1767593604940,1767593604.904953,442.0,140679.0,58076.0
1767593604940,1767593604.9049687,442.0,140662.0,58065.0
1767593604940,1767593604.9049842,442.0,140622.0,58067.0
1767593605016,1767593604.9949062,442.0,140613.0,58064.0
1767593605017,1767593604.9949217,441.0,140619.0,58078.0
1767593605017,1767593604.9949374,442.0,140620.0,58063.0
1767593605017,1767593604.994953,441.0,140640.0,58089.0
1767593605017,1767593604.9949687,441.0,140540.0,58038.0
1767593605017,1767593604.9949841,442.0,140581.0,58063.0
1767593605101,1767593605.0849063,442.0,140533.0,58050.0
1767593605101,1767593605.0849218,441.0,140553.0,58035.0
1767593605101,1767593605.0849376,441.0,140517.0,58046.0
1767593605101,1767593605.084953,440.0,140508.0,58026.0
1767593605101,1767593605.0849688,442.0,140498.0,58041.0
1767593605101,1767593605.0849843,442.0,140493.0,58038.0
1767593605237,1767593605.2349062,440.0,140489.0,58049.0
1767593605237,1767593605.2349217,441.0,140482.0,58026.0
1767593605237,1767593605.2349374,442.0,140422.0,58026.0
1767593605237,1767593605.234953,441.0,140510.0,58051.0
1767593605237,1767593605.2349687,441.0,140475.0,58044.0
1767593605237,1767593605.2349842,441.0,140452.0,58040.0
1767593605346,1767593605.3399062,441.0,140430.0,58053.0
1767593605346,1767593605.3399217,441.0,140469.0,58039.0
1767593605346,1767593605.3399374,442.0,140455.0,58016.0
1767593605346,1767593605.339953,441.0,140452.0,58031.0
1767593605346,1767593605.3399687,442.0,140421.0,58014.0
1767593605347,1767593605.3399842,441.0,140398.0,58027.0
1767593605374,1767593605.3709064,441.0,140501.0,58028.0
1767593605374,1767593605.3709219,441.0,140485.0,58022.0
1767593605374,1767593605.3709376,443.0,140435.0,58035.0
1767593605374,1767593605.370953,442.0,140430.0,58001.0
1767593605374,1767593605.3709688,442.0,140447.0,58017.0
1767593605374,1767593605.3709843,440.0,140427.0,58033.0
1767593605506,1767593605.4749062,441.0,140446.0,58014.0
1767593605506,1767593605.4749217,441.0,140447.0,58032.0
1767593605506,1767593605.4749374,442.0,140392.0,58027.0
1767593605506,1767593605.474953,443.0,140434.0,58018.0
1767593605506,1767593605.4749687,441.0,140456.0,58013.0
1767593605506,1767593605.4749842,442.0,140460.0,58016.0
1767593605554,1767593605.5519063,441.0,140455.0,58035.0
1767593605554,1767593605.5519218,442.0,140470.0,58031.0
1767593605554,1767593605.5519376,441.0,140511.0,58055.0
1767593605554,1767593605.551953,441.0,140448.0,58069.0
1767593605554,1767593605.5519688,443.0,140476.0,58053.0
1767593605554,1767593605.5519843,442.0,140494.0,58036.0
1767593605687,1767593605.6549063,443.0,140485.0,58050.0
1767593605687,1767593605.6549218,442.0,140519.0,58062.0
1767593605687,1767593605.6549375,443.0,140499.0,58049.0
1767593605687,1767593605.654953,441.0,140472.0,58030.0
1767593605687,1767593605.6549687,443.0,140526.0,58054.0
1767593605687,1767593605.6549842,443.0,140477.0,58028.0
1767593605779,1767593605.7749064,441.0,140498.0,58067.0
1767593605779,1767593605.774922,442.0,140493.0,58043.0
1767593605779,1767593605.7749376,441.0,140490.0,58028.0
1767593605779,1767593605.7749531,442.0,140497.0,58013.0
1767593605779,1767593605.7749689,443.0,140495.0,58014.0
1767593605779,1767593605.7749844,442.0,140531.0,58058.0
1767593605837,1767593605.8349063,442.0,140519.0,58024.0
1767593605837,1767593605.8349218,441.0,140477.0,58046.0
1767593605837,1767593605.8349376,441.0,140534.0,58048.0
1767593605837,1767593605.834953,441.0,140479.0,58018.0
1767593605837,1767593605.8349688,441.0,140472.0,58028.0
1767593605837,1767593605.8349843,442.0,140527.0,58043.0
1767593605957,1767593605.9249063,440.0,140480.0,58058.0
1767593605957,1767593605.9249218,441.0,140431.0,58023.0
1767593605957,1767593605.9249375,441.0,140438.0,58027.0
1767593605957,1767593605.924953,442.0,140432.0,58043.0
1767593605957,1767593605.9249687,442.0,140444.0,58008.0
1767593605957,1767593605.9249842,442.0,140396.0,58011.0
1767593606093,1767593606.0899062,442.0,140421.0,57994.0
1767593606093,1767593606.0899217,442.0,140388.0,58019.0
1767593606093,1767593606.0899374,442.0,140368.0,58005.0
1767593606093,1767593606.089953,442.0,140325.0,58021.0
1767593606093,1767593606.0899687,442.0,140392.0,58017.0
1767593606093,1767593606.0899842,441.0,140356.0,57998.0
1767593606158,1767593606.1499064,441.0,140352.0,57993.0
1767593606158,1767593606.149922,441.0,140312.0,57992.0
1767593606158,1767593606.1499376,441.0,140322.0,57981.0
1767593606158,1767593606.1499531,442.0,140315.0,57985.0
1767593606158,1767593606.1499689,441.0,140360.0,57959.0
1767593606158,1767593606.1499844,440.0,140314.0,58006.0
1767593606212,1767593606.2099063,440.0,140308.0,57993.0
1767593606212,1767593606.2099218,441.0,140324.0,58006.0
1767593606212,1767593606.2099376,440.0,140276.0,57992.0
1767593606212,1767593606.209953,440.0,140272.0,57986.0
1767593606212,1767593606.2099688,441.0,140287.0,57979.0
1767593606212,1767593606.2099843,442.0,140292.0,57968.0
1767593606345,1767593606.3149064,441.0,140272.0,57998.0
1767593606345,1767593606.3149219,441.0,140226.0,57983.0
1767593606345,1767593606.3149376,441.0,140237.0,57965.0
1767593606345,1767593606.314953,442.0,140314.0,57980.0
1767593606345,1767593606.3149688,440.0,140269.0,57961.0
1767593606345,1767593606.3149843,442.0,140274.0,57996.0
1767593606437,1767593606.4049063,442.0,140293.0,57967.0
1767593606437,1767593606.4049218,442.0,140277.0,57994.0
1767593606437,1767593606.4049375,441.0,140267.0,57988.0
1767593606437,1767593606.404953,441.0,140277.0,57975.0
1767593606437,1767593606.4049687,440.0,140272.0,57980.0
1767593606437,1767593606.4049842,441.0,140280.0,57988.0
1767593606526,1767593606.4949062,441.0,140291.0,57979.0
1767593606526,1767593606.4949217,441.0,140279.0,57994.0
1767593606526,1767593606.4949374,442.0,140298.0,58000.0
1767593606526,1767593606.494953,440.0,140278.0,57971.0
1767593606526,1767593606.4949687,440.0,140307.0,57990.0
1767593606526,1767593606.4949841,441.0,140307.0,58012.0
1767593606601,1767593606.5849063,441.0,140297.0,58006.0
1767593606601,1767593606.5849218,441.0,140314.0,58010.0
1767593606602,1767593606.5849376,442.0,140339.0,58038.0
1767593606602,1767593606.584953,440.0,140308.0,58001.0
1767593606602,1767593606.5849688,441.0,140343.0,58005.0
1767593606602,1767593606.5849843,442.0,140325.0,58009.0
1767593606694,1767593606.6909063,442.0,140331.0,58029.0
1767593606694,1767593606.6909218,442.0,140391.0,58033.0
1767593606694,1767593606.6909375,442.0,140384.0,58020.0
1767593606694,1767593606.690953,442.0,140340.0,58032.0
1767593606694,1767593606.6909688,442.0,140436.0,58015.0
1767593606694,1767593606.6909842,442.0,140387.0,58054.0
1767593606830,1767593606.8249063,441.0,140365.0,57995.0
1767593606830,1767593606.8249218,441.0,140378.0,58032.0
1767593606830,1767593606.8249376,441.0,140402.0,58032.0
1767593606830,1767593606.824953,441.0,140381.0,58015.0
1767593606830,1767593606.8249688,442.0,140367.0,58005.0
1767593606830,1767593606.8249843,441.0,140341.0,58022.0
1767593606914,1767593606.9019063,441.0,140276.0,58025.0
1767593606914,1767593606.9019217,442.0,140288.0,58008.0
1767593606914,1767593606.9019375,442.0,140279.0,57994.0
1767593606914,1767593606.901953,440.0,140266.0,57999.0
1767593606914,1767593606.9019687,441.0,140289.0,57989.0
1767593606914,1767593606.9019842,442.0,140261.0,57982.0
1767593606999,1767593606.9889064,440.0,140245.0,57984.0
1767593607001,1767593606.9889219,440.0,140216.0,57972.0
1767593607001,1767593606.9889376,442.0,140219.0,57966.0
1767593607001,1767593606.988953,442.0,140201.0,57974.0
1767593607001,1767593606.9889688,442.0,140207.0,57969.0
1767593607001,1767593606.9889843,441.0,140160.0,57963.0
1767593607058,1767593607.0519063,441.0,140213.0,57958.0
1767593607058,1767593607.0519218,441.0,140169.0,57954.0
1767593607058,1767593607.0519376,442.0,140170.0,57964.0
1767593607058,1767593607.051953,442.0,140177.0,57953.0
1767593607058,1767593607.0519688,441.0,140132.0,57952.0
1767593607058,1767593607.0519843,441.0,140156.0,57951.0
1767593607234,1767593607.1849062,440.0,140124.0,57940.0
1767593607234,1767593607.1849217,442.0,140100.0,57957.0
1767593607234,1767593607.1849375,441.0,140112.0,57947.0
1767593607234,1767593607.184953,441.0,140138.0,57964.0
1767593607234,1767593607.1849687,441.0,140135.0,57963.0
1767593607234,1767593607.1849842,441.0,140160.0,58002.0
1767593607268,1767593607.2599063,443.0,140167.0,57999.0
1767593607268,1767593607.2599218,442.0,140204.0,58036.0
1767593607268,1767593607.2599375,442.0,140243.0,58060.0
1767593607268,1767593607.259953,442.0,140265.0,58127.0
1767593607268,1767593607.2599688,442.0,140367.0,58175.0
1767593607268,1767593607.2599843,441.0,140407.0,58235.0
1767593607339,1767593607.3349063,442.0,140473.0,58287.0
1767593607339,1767593607.3349218,443.0,140512.0,58394.0
1767593607339,1767593607.3349376,443.0,140562.0,58416.0
1767593607339,1767593607.334953,443.0,140643.0,58488.0
1767593607339,1767593607.3349688,443.0,140649.0,58522.0
1767593607339,1767593607.3349843,442.0,140697.0,58541.0
1767593607457,1767593607.4409063,444.0,140737.0,58578.0
1767593607457,1767593607.4409218,442.0,140759.0,58606.0
1767593607457,1767593607.4409375,442.0,140802.0,58654.0
1767593607457,1767593607.440953,443.0,140845.0,58665.0
1767593607457,1767593607.4409688,442.0,140867.0,58699.0
1767593607457,1767593607.4409842,443.0,140818.0,58712.0
1767593607537,1767593607.5179062,442.0,140917.0,58720.0
1767593607537,1767593607.5179217,442.0,140908.0,58720.0
1767593607537,1767593607.5179374,442.0,140961.0,58761.0
1767593607537,1767593607.517953,442.0,140902.0,58751.0
1767593607537,1767593607.5179687,442.0,140974.0,58780.0
1767593607537,1767593607.5179842,442.0,140936.0,58766.0
1767593607717,1767593607.6199062,442.0,140993.0,58768.0
